filepath,duration,speaker_id,transcription
/srv/scratch/chacmod/OGI/speech/scripted/00/7/ks03d/ks03d690.wav,4.611836734693878,ks03d,i thought i heard new voices
/srv/scratch/chacmod/OGI/speech/scripted/00/7/ks03d/ks03d5j0.wav,5.116417233560091,ks03d,will you sing this song
/srv/scratch/chacmod/OGI/speech/scripted/00/7/ks03d/ks03d3l0.wav,3.1341496598639456,ks03d,represents
/srv/scratch/chacmod/OGI/speech/scripted/00/7/ks03d/ks03d6i0.wav,6.1295691609977325,ks03d,the zebra entered the brush with care
/srv/scratch/chacmod/OGI/speech/scripted/00/7/ks03d/ks03d6a0.wav,5.117460317460317,ks03d,go inside and eat your dinner
/srv/scratch/chacmod/OGI/speech/scripted/00/7/ks03d/ks03d7p0.wav,4.612380952380953,ks03d,temptation
/srv/scratch/chacmod/OGI/speech/scripted/00/7/ks03d/ks03d8o0.wav,2.6087074829931973,ks03d,women
/srv/scratch/chacmod/OGI/speech/scripted/00/7/ks03d/ks03d3h0.wav,3.114603174603175,ks03d,push
/srv/scratch/chacmod/OGI/speech/scripted/00/7/ks03d/ks03d650.wav,6.117959183673469,ks03d,i have ice cream for you
/srv/scratch/chacmod/OGI/speech/scripted/00/7/ks03d/ks03d6u0.wav,2.609342403628118,ks03d,shoe
/srv/scratch/chacmod/OGI/speech/scripted/00/7/ks03d/ks03d740.wav,3.610204081632653,ks03d,sour
/srv/scratch/chacmod/OGI/speech/scripted/00/7/ks03d/ks03d7z0.wav,3.1140136054421768,ks03d,tourists
/srv/scratch/chacmod/OGI/speech/scripted/00/7/ks03d/ks03d890.wav,2.3141950113378686,ks03d,unroll
/srv/scratch/chacmod/OGI/speech/scripted/00/7/ks03d/ks03d3f0.wav,2.122086167800453,ks03d,points
/srv/scratch/chacmod/OGI/speech/scripted/00/7/ks03d/ks03d6c0.wav,5.1177777777777775,ks03d,i'm ready to go home
/srv/scratch/chacmod/OGI/speech/scripted/00/7/ks03d/ks03d500.wav,6.615646258503402,ks03d,the flood took a car down the street
/srv/scratch/chacmod/OGI/speech/scripted/00/7/ks03d/ks03d7f0.wav,3.6108390022675736,ks03d,studio
/srv/scratch/chacmod/OGI/speech/scripted/00/7/ks03d/ks03d8e0.wav,2.1127891156462586,ks03d,vaulted
/srv/scratch/chacmod/OGI/speech/scripted/00/7/ks03d/ks03d6g0.wav,5.613968253968254,ks03d,my clothes are wet from the rain
/srv/scratch/chacmod/OGI/speech/scripted/00/7/ks03d/ks03d670.wav,5.118730158730159,ks03d,the car went too fast
/srv/scratch/chacmod/OGI/speech/scripted/00/7/ks03d/ks03d760.wav,3.1133333333333333,ks03d,spoons
/srv/scratch/chacmod/OGI/speech/scripted/00/7/ks03d/ks03d6z0.wav,2.6087074829931973,ks03d,smashed
/srv/scratch/chacmod/OGI/speech/scripted/00/7/ks03d/ks03d6b0.wav,6.61546485260771,ks03d,search in between the couch cushions
/srv/scratch/chacmod/OGI/speech/scripted/00/7/ks03d/ks03d7a0.wav,2.609160997732426,ks03d,steakhouse
/srv/scratch/chacmod/OGI/speech/scripted/00/7/ks03d/ks03d350.wav,2.6087528344671203,ks03d,overalls
/srv/scratch/chacmod/OGI/speech/scripted/00/7/ks03d/ks03d3a0.wav,2.6087528344671203,ks03d,payouts
/srv/scratch/chacmod/OGI/speech/scripted/00/7/ks03d/ks03d3q0.wav,3.113877551020408,ks03d,scallywag
/srv/scratch/chacmod/OGI/speech/scripted/00/7/ks03d/ks03d8t0.wav,2.609160997732426,ks03d,yields
/srv/scratch/chacmod/OGI/speech/scripted/00/7/ks03d/ks03d7u0.wav,3.1141950113378685,ks03d,three
/srv/scratch/chacmod/OGI/speech/scripted/00/7/ks03d/ks03d840.wav,3.113877551020408,ks03d,truck
/srv/scratch/chacmod/OGI/speech/scripted/00/7/ks03d/ks03d8j0.wav,4.611972789115646,ks03d,wavelet
/srv/scratch/chacmod/OGI/speech/scripted/00/7/ks03d/ks03d7k0.wav,3.610204081632653,ks03d,super
/srv/scratch/chacmod/OGI/speech/scripted/00/7/ks03d/ks03d6d0.wav,3.6103854875283448,ks03d,the flea chased the dog
/srv/scratch/chacmod/OGI/speech/scripted/00/7/ks03d/ks03d6p0.wav,1.6077551020408165,ks03d,seven
/srv/scratch/chacmod/OGI/speech/scripted/00/7/ks03d/ks03d680.wav,5.116780045351474,ks03d,i'll rent an apartment tomorrow
/srv/scratch/chacmod/OGI/speech/scripted/00/0/ks02y/ks02y1j0.wav,4.1164625850340135,ks02y,gumshoe
/srv/scratch/chacmod/OGI/speech/scripted/00/0/ks02y/ks02y3h0.wav,3.113469387755102,ks02y,push
/srv/scratch/chacmod/OGI/speech/scripted/00/0/ks02y/ks02y2i0.wav,3.610657596371882,ks02y,napkin
/srv/scratch/chacmod/OGI/speech/scripted/00/0/ks02y/ks02y0k0.wav,3.611156462585034,ks02y,chair
/srv/scratch/chacmod/OGI/speech/scripted/00/0/ks02y/ks02y5j0.wav,5.116825396825397,ks02y,will you sing this song
/srv/scratch/chacmod/OGI/speech/scripted/00/0/ks02y/ks02y4k0.wav,6.119319727891156,ks02y,a feather was in the birdcage
/srv/scratch/chacmod/OGI/speech/scripted/00/0/ks02y/ks02y5x0.wav,6.118639455782313,ks02y,i collect stamps from vietnam
/srv/scratch/chacmod/OGI/speech/scripted/00/0/ks02y/ks02y760.wav,3.114875283446712,ks02y,spoons
/srv/scratch/chacmod/OGI/speech/scripted/00/0/ks02y/ks02y050.wav,2.6086621315192744,ks02y,athlete
/srv/scratch/chacmod/OGI/speech/scripted/00/0/ks02y/ks02y230.wav,2.112199546485261,ks02y,logic
/srv/scratch/chacmod/OGI/speech/scripted/00/0/ks02y/ks02y1t0.wav,2.609251700680272,ks02y,iceberg
/srv/scratch/chacmod/OGI/speech/scripted/00/0/ks02y/ks02y0u0.wav,4.115918367346938,ks02y,crenshaw
/srv/scratch/chacmod/OGI/speech/scripted/00/0/ks02y/ks02y140.wav,2.6090702947845803,ks02y,easier
/srv/scratch/chacmod/OGI/speech/scripted/00/0/ks02y/ks02y500.wav,6.615691609977325,ks02y,the flood took a car down the street
/srv/scratch/chacmod/OGI/speech/scripted/00/0/ks02y/ks02y0a0.wav,4.612199546485261,ks02y,behind
/srv/scratch/chacmod/OGI/speech/scripted/00/0/ks02y/ks02y3v0.wav,6.119274376417233,ks02y,the young emperor could not spell
/srv/scratch/chacmod/OGI/speech/scripted/00/0/ks02y/ks02y540.wav,6.129251700680272,ks02y,grandmother played football last year
/srv/scratch/chacmod/OGI/speech/scripted/00/0/ks02y/ks02y5d0.wav,5.614195011337869,ks02y,mabel grows tomatoes in the courtyard
/srv/scratch/chacmod/OGI/speech/scripted/00/0/ks02y/ks02y6f0.wav,6.615600907029479,ks02y,we watched television during dinner
/srv/scratch/chacmod/OGI/speech/scripted/00/0/ks02y/ks02y660.wav,6.605215419501134,ks02y,matthew has a horse from the desert
/srv/scratch/chacmod/OGI/speech/scripted/00/0/ks02y/ks02y0p0.wav,3.610884353741497,ks02y,civilized
/srv/scratch/chacmod/OGI/speech/scripted/00/0/ks02y/ks02y2n0.wav,3.611156462585034,ks02y,nuclear
/srv/scratch/chacmod/OGI/speech/scripted/00/0/ks02y/ks02y1o0.wav,3.113877551020408,ks02y,homemaking
/srv/scratch/chacmod/OGI/speech/scripted/00/0/ks02y/ks02y000.wav,4.114467120181406,ks02y,advantage
/srv/scratch/chacmod/OGI/speech/scripted/00/0/ks02y/ks02y1e0.wav,2.112380952380952,ks02y,five
/srv/scratch/chacmod/OGI/speech/scripted/00/0/ks02y/ks02y0f0.wav,2.6095691609977325,ks02y,boomerang
/srv/scratch/chacmod/OGI/speech/scripted/00/0/ks02y/ks02y2d0.wav,3.1160090702947847,ks02y,mohawk
/srv/scratch/chacmod/OGI/speech/scripted/00/0/ks02y/ks02y5m0.wav,7.607210884353742,ks02y,they put my computer next to the books
/srv/scratch/chacmod/OGI/speech/scripted/00/0/ks02y/ks02y0z0.wav,3.113968253968254,ks02y,design
/srv/scratch/chacmod/OGI/speech/scripted/00/0/ks02y/ks02y190.wav,3.610294784580499,ks02y,ethnic
/srv/scratch/chacmod/OGI/speech/scripted/00/0/ks02y/ks02y4v0.wav,6.6157823129251705,ks02y,that person eats pancakes
/srv/scratch/chacmod/OGI/speech/scripted/00/0/ks02y/ks02y3w0.wav,6.118503401360544,ks02y,the illusion looked like a giraffe
/srv/scratch/chacmod/OGI/speech/scripted/00/0/ks02y/ks02y1y0.wav,4.115646258503402,ks02y,kingpin
/srv/scratch/chacmod/OGI/speech/scripted/00/0/ks02y/ks02y280.wav,4.116145124716553,ks02y,mcdonald
/srv/scratch/chacmod/OGI/speech/scripted/00/6/ks00w/ks00w5j0.wav,5.139591836734694,ks00w,will you sing this song
/srv/scratch/chacmod/OGI/speech/scripted/00/6/ks00w/ks00w5z0.wav,4.09156462585034,ks00w,don't leave so soon
/srv/scratch/chacmod/OGI/speech/scripted/00/6/ks00w/ks00w5r0.wav,6.0955102040816325,ks00w,her veins pop out when she is mad
/srv/scratch/chacmod/OGI/speech/scripted/00/6/ks00w/ks00w610.wav,4.598231292517007,ks00w,he was really nice to us
/srv/scratch/chacmod/OGI/speech/scripted/00/6/ks00w/ks00w030.wav,4.0918820861678,ks00w,archrival
/srv/scratch/chacmod/OGI/speech/scripted/00/6/ks00w/ks00w210.wav,2.088390022675737,ks00w,lethargic
/srv/scratch/chacmod/OGI/speech/scripted/00/6/ks00w/ks00w1r0.wav,2.6154648526077096,ks00w,hourly
/srv/scratch/chacmod/OGI/speech/scripted/00/6/ks00w/ks00w0s0.wav,3.1560090702947847,ks00w,cooperate
/srv/scratch/chacmod/OGI/speech/scripted/00/6/ks00w/ks00w120.wav,4.599092970521542,ks00w,disrupt
/srv/scratch/chacmod/OGI/speech/scripted/00/6/ks00w/ks00w300.wav,2.0886621315192744,ks00w,obstacle
/srv/scratch/chacmod/OGI/speech/scripted/00/6/ks00w/ks00w3h0.wav,3.1687528344671203,ks00w,push
/srv/scratch/chacmod/OGI/speech/scripted/00/6/ks00w/ks00w630.wav,4.092290249433106,ks00w,that was an odd decision
/srv/scratch/chacmod/OGI/speech/scripted/00/6/ks00w/ks00w2g0.wav,2.087573696145125,ks00w,musician
/srv/scratch/chacmod/OGI/speech/scripted/00/6/ks00w/ks00w0i0.wav,4.092154195011338,ks00w,cashflow
/srv/scratch/chacmod/OGI/speech/scripted/00/6/ks00w/ks00w1h0.wav,3.158095238095238,ks00w,fragment
/srv/scratch/chacmod/OGI/speech/scripted/00/6/ks00w/ks00w500.wav,6.5955102040816325,ks00w,the flood took a car down the street
/srv/scratch/chacmod/OGI/speech/scripted/00/6/ks00w/ks00w760.wav,3.155918367346939,ks00w,spoons
/srv/scratch/chacmod/OGI/speech/scripted/00/6/ks00w/ks00w5h0.wav,5.139319727891157,ks00w,she'll be ready very soon
/srv/scratch/chacmod/OGI/speech/scripted/00/6/ks00w/ks00w0x0.wav,4.091972789115646,ks00w,dashboard
/srv/scratch/chacmod/OGI/speech/scripted/00/6/ks00w/ks00w170.wav,3.590657596371882,ks00w,endure
/srv/scratch/chacmod/OGI/speech/scripted/00/6/ks00w/ks00w080.wav,4.0918820861678,ks00w,background
/srv/scratch/chacmod/OGI/speech/scripted/00/6/ks00w/ks00w260.wav,2.087981859410431,ks00w,lure
/srv/scratch/chacmod/OGI/speech/scripted/00/6/ks00w/ks00w1w0.wav,2.6159637188208618,ks00w,join
/srv/scratch/chacmod/OGI/speech/scripted/00/6/ks00w/ks00w620.wav,6.5941496598639455,ks00w,eating blueberries gives you blue hands
/srv/scratch/chacmod/OGI/speech/scripted/00/6/ks00w/ks00w1c0.wav,2.0884807256235827,ks00w,fancy
/srv/scratch/chacmod/OGI/speech/scripted/00/6/ks00w/ks00w0d0.wav,4.091337868480726,ks00w,biology
/srv/scratch/chacmod/OGI/speech/scripted/00/6/ks00w/ks00w2b0.wav,4.0918820861678,ks00w,midnight
/srv/scratch/chacmod/OGI/speech/scripted/00/6/ks00w/ks00w5w0.wav,4.092018140589569,ks00w,when will we go on vacation
/srv/scratch/chacmod/OGI/speech/scripted/00/6/ks00w/ks00w640.wav,4.59859410430839,ks00w,sir
/srv/scratch/chacmod/OGI/speech/scripted/00/6/ks00w/ks00w600.wav,6.60031746031746,ks00w,because my leg is sore
/srv/scratch/chacmod/OGI/speech/scripted/00/6/ks00w/ks00w5y0.wav,5.594013605442177,ks00w,he breathed a sigh of relief
/srv/scratch/chacmod/OGI/speech/scripted/00/6/ks00w/ks00w1m0.wav,3.5905668934240365,ks00w,hawthorne
/srv/scratch/chacmod/OGI/speech/scripted/00/6/ks00w/ks00w2l0.wav,2.6151020408163266,ks00w,nothing
/srv/scratch/chacmod/OGI/speech/scripted/00/6/ks00w/ks00w0n0.wav,2.6156009070294783,ks00w,childhood
/srv/scratch/chacmod/OGI/speech/scripted/00/7/ks00d/ks00d8j0.wav,4.609705215419501,ks00d,wavelet
/srv/scratch/chacmod/OGI/speech/scripted/00/7/ks00d/ks00d7k0.wav,3.591337868480726,ks00d,super
/srv/scratch/chacmod/OGI/speech/scripted/00/7/ks00d/ks00d6d0.wav,3.591337868480726,ks00d,the flea chased the dog
/srv/scratch/chacmod/OGI/speech/scripted/00/7/ks00d/ks00d6p0.wav,1.5881632653061224,ks00d,seven
/srv/scratch/chacmod/OGI/speech/scripted/00/7/ks00d/ks00d680.wav,5.149569160997732,ks00d,i'll rent an apartment tomorrow
/srv/scratch/chacmod/OGI/speech/scripted/00/7/ks00d/ks00d3a0.wav,2.626575963718821,ks00d,payouts
/srv/scratch/chacmod/OGI/speech/scripted/00/7/ks00d/ks00d3q0.wav,3.155827664399093,ks00d,scallywag
/srv/scratch/chacmod/OGI/speech/scripted/00/7/ks00d/ks00d8t0.wav,2.61578231292517,ks00d,yields
/srv/scratch/chacmod/OGI/speech/scripted/00/7/ks00d/ks00d7u0.wav,3.155963718820862,ks00d,three
/srv/scratch/chacmod/OGI/speech/scripted/00/7/ks00d/ks00d840.wav,3.165895691609977,ks00d,truck
/srv/scratch/chacmod/OGI/speech/scripted/00/7/ks00d/ks00d6b0.wav,6.601950113378685,ks00d,search in between the couch cushions
/srv/scratch/chacmod/OGI/speech/scripted/00/7/ks00d/ks00d7a0.wav,2.615147392290249,ks00d,steakhouse
/srv/scratch/chacmod/OGI/speech/scripted/00/7/ks00d/ks00d350.wav,2.6262131519274377,ks00d,overalls
/srv/scratch/chacmod/OGI/speech/scripted/00/7/ks00d/ks00d6z0.wav,2.615147392290249,ks00d,smashed
/srv/scratch/chacmod/OGI/speech/scripted/00/7/ks00d/ks00d3h0.wav,3.1663492063492065,ks00d,push
/srv/scratch/chacmod/OGI/speech/scripted/00/7/ks00d/ks00d650.wav,6.1053514739229024,ks00d,i have ice cream for you
/srv/scratch/chacmod/OGI/speech/scripted/00/7/ks00d/ks00d6u0.wav,2.615147392290249,ks00d,shoe
/srv/scratch/chacmod/OGI/speech/scripted/00/7/ks00d/ks00d740.wav,3.5900226757369613,ks00d,sour
/srv/scratch/chacmod/OGI/speech/scripted/00/7/ks00d/ks00d6a0.wav,5.160090702947846,ks00d,go inside and eat your dinner
/srv/scratch/chacmod/OGI/speech/scripted/00/7/ks00d/ks00d7p0.wav,4.609478458049886,ks00d,temptation
/srv/scratch/chacmod/OGI/speech/scripted/00/7/ks00d/ks00d8o0.wav,2.61578231292517,ks00d,women
/srv/scratch/chacmod/OGI/speech/scripted/00/7/ks00d/ks00d5j0.wav,5.1388208616780044,ks00d,will you sing this song
/srv/scratch/chacmod/OGI/speech/scripted/00/7/ks00d/ks00d3l0.wav,3.1563265306122448,ks00d,represents
/srv/scratch/chacmod/OGI/speech/scripted/00/7/ks00d/ks00d6i0.wav,6.0955102040816325,ks00d,the zebra entered the brush with care
/srv/scratch/chacmod/OGI/speech/scripted/00/7/ks00d/ks00d690.wav,4.608526077097506,ks00d,i thought i heard new voices
/srv/scratch/chacmod/OGI/speech/scripted/00/7/ks00d/ks00d500.wav,6.601632653061224,ks00d,the flood took a car down the street
/srv/scratch/chacmod/OGI/speech/scripted/00/7/ks00d/ks00d7f0.wav,3.591473922902494,ks00d,studio
/srv/scratch/chacmod/OGI/speech/scripted/00/7/ks00d/ks00d8e0.wav,2.0876643990929704,ks00d,vaulted
/srv/scratch/chacmod/OGI/speech/scripted/00/7/ks00d/ks00d6g0.wav,5.59437641723356,ks00d,my clothes are wet from the rain
/srv/scratch/chacmod/OGI/speech/scripted/00/7/ks00d/ks00d670.wav,5.139002267573696,ks00d,the car went too fast
/srv/scratch/chacmod/OGI/speech/scripted/00/7/ks00d/ks00d760.wav,3.1560090702947847,ks00d,spoons
/srv/scratch/chacmod/OGI/speech/scripted/00/7/ks00d/ks00d3f0.wav,2.0885260770975056,ks00d,points
/srv/scratch/chacmod/OGI/speech/scripted/00/7/ks00d/ks00d6c0.wav,5.139455782312925,ks00d,i'm ready to go home
/srv/scratch/chacmod/OGI/speech/scripted/00/7/ks00d/ks00d7z0.wav,3.1565079365079365,ks00d,tourists
/srv/scratch/chacmod/OGI/speech/scripted/00/7/ks00d/ks00d890.wav,2.259138321995465,ks00d,unroll
/srv/scratch/chacmod/OGI/speech/scripted/00/4/ks016/ks0165j0.wav,5.13891156462585,ks016,will you sing this song
/srv/scratch/chacmod/OGI/speech/scripted/00/4/ks016/ks016070.wav,3.1555102040816325,ks016,awesome
/srv/scratch/chacmod/OGI/speech/scripted/00/4/ks016/ks0161v0.wav,3.158004535147392,ks016,interrupt
/srv/scratch/chacmod/OGI/speech/scripted/00/4/ks016/ks016250.wav,3.5904761904761906,ks016,lumberyard
/srv/scratch/chacmod/OGI/speech/scripted/00/4/ks016/ks0160w0.wav,2.2565986394557824,ks016,cultures
/srv/scratch/chacmod/OGI/speech/scripted/00/4/ks016/ks016160.wav,4.091700680272109,ks016,employees
/srv/scratch/chacmod/OGI/speech/scripted/00/4/ks016/ks0165b0.wav,4.610294784580499,ks016,our tent can hold six people
/srv/scratch/chacmod/OGI/speech/scripted/00/4/ks016/ks0160c0.wav,3.59015873015873,ks016,bigfoot
/srv/scratch/chacmod/OGI/speech/scripted/00/4/ks016/ks0162a0.wav,3.0896598639455783,ks016,microwaves
/srv/scratch/chacmod/OGI/speech/scripted/00/4/ks016/ks0161b0.wav,3.591337868480726,ks016,faithful
/srv/scratch/chacmod/OGI/speech/scripted/00/4/ks016/ks0165f0.wav,5.159637188208617,ks016,put the key in the key hole
/srv/scratch/chacmod/OGI/speech/scripted/00/4/ks016/ks0163h0.wav,3.1685714285714286,ks016,push
/srv/scratch/chacmod/OGI/speech/scripted/00/4/ks016/ks0165l0.wav,7.133650793650793,ks016,why is the earth inside the milky way
/srv/scratch/chacmod/OGI/speech/scripted/00/4/ks016/ks016500.wav,6.593378684807257,ks016,the flood took a car down the street
/srv/scratch/chacmod/OGI/speech/scripted/00/4/ks016/ks016760.wav,3.1560997732426306,ks016,spoons
/srv/scratch/chacmod/OGI/speech/scripted/00/4/ks016/ks0162k0.wav,3.1578231292517005,ks016,normal
/srv/scratch/chacmod/OGI/speech/scripted/00/4/ks016/ks0160m0.wav,3.591156462585034,ks016,chewy
/srv/scratch/chacmod/OGI/speech/scripted/00/4/ks016/ks0161l0.wav,3.1573242630385487,ks016,hardship
/srv/scratch/chacmod/OGI/speech/scripted/00/4/ks016/ks0165k0.wav,6.592335600907029,ks016,buying the ring took all of my money
/srv/scratch/chacmod/OGI/speech/scripted/00/4/ks016/ks0161g0.wav,2.076145124716553,ks016,four
/srv/scratch/chacmod/OGI/speech/scripted/00/4/ks016/ks0165c0.wav,6.095646258503401,ks016,give keith a moment to think
/srv/scratch/chacmod/OGI/speech/scripted/00/4/ks016/ks0160h0.wav,3.156689342403628,ks016,bronco
/srv/scratch/chacmod/OGI/speech/scripted/00/4/ks016/ks0162f0.wav,4.092063492063492,ks016,mouths
/srv/scratch/chacmod/OGI/speech/scripted/00/4/ks016/ks0162z0.wav,2.8601360544217687,ks016,objected
/srv/scratch/chacmod/OGI/speech/scripted/00/4/ks016/ks0165g0.wav,5.1597732426303855,ks016,take off your hat
/srv/scratch/chacmod/OGI/speech/scripted/00/4/ks016/ks0160r0.wav,3.601315192743764,ks016,concept
/srv/scratch/chacmod/OGI/speech/scripted/00/4/ks016/ks016110.wav,2.6193197278911566,ks016,direct
/srv/scratch/chacmod/OGI/speech/scripted/00/4/ks016/ks0161q0.wav,2.615419501133786,ks016,hopeful
/srv/scratch/chacmod/OGI/speech/scripted/00/4/ks016/ks016200.wav,3.5877551020408163,ks016,lengthen
/srv/scratch/chacmod/OGI/speech/scripted/00/4/ks016/ks016020.wav,4.598820861678004,ks016,announce
/srv/scratch/chacmod/OGI/speech/scripted/00/4/ks016/ks0165e0.wav,5.595147392290249,ks016,will you please bathe
/srv/scratch/chacmod/OGI/speech/scripted/00/4/ks016/ks0165a0.wav,6.095419501133787,ks016,i hope the airplane will get higher
/srv/scratch/chacmod/OGI/speech/scripted/00/4/ks016/ks016590.wav,5.5941496598639455,ks016,don't think about it too much
/srv/scratch/chacmod/OGI/speech/scripted/00/4/ks016/ks0165i0.wav,4.599319727891157,ks016,we had a birdseye view
/srv/scratch/chacmod/OGI/speech/scripted/00/6/ks00b/ks00b2b0.wav,4.1020408163265305,ks00b,midnight
/srv/scratch/chacmod/OGI/speech/scripted/00/6/ks00b/ks00b0d0.wav,4.092335600907029,ks00b,biology
/srv/scratch/chacmod/OGI/speech/scripted/00/6/ks00b/ks00b1c0.wav,2.087845804988662,ks00b,fancy
/srv/scratch/chacmod/OGI/speech/scripted/00/6/ks00b/ks00b5w0.wav,4.092335600907029,ks00b,when will we go on vacation
/srv/scratch/chacmod/OGI/speech/scripted/00/6/ks00b/ks00b0x0.wav,4.092063492063492,ks00b,dashboard
/srv/scratch/chacmod/OGI/speech/scripted/00/6/ks00b/ks00b170.wav,3.5910204081632653,ks00b,endure
/srv/scratch/chacmod/OGI/speech/scripted/00/6/ks00b/ks00b080.wav,4.092290249433106,ks00b,background
/srv/scratch/chacmod/OGI/speech/scripted/00/6/ks00b/ks00b620.wav,6.602721088435374,ks00b,eating blueberries gives you blue hands
/srv/scratch/chacmod/OGI/speech/scripted/00/6/ks00b/ks00b1w0.wav,2.615419501133786,ks00b,join
/srv/scratch/chacmod/OGI/speech/scripted/00/6/ks00b/ks00b260.wav,2.096689342403628,ks00b,lure
/srv/scratch/chacmod/OGI/speech/scripted/00/6/ks00b/ks00b600.wav,6.591655328798186,ks00b,because my leg is sore
/srv/scratch/chacmod/OGI/speech/scripted/00/6/ks00b/ks00b0n0.wav,2.6253968253968254,ks00b,childhood
/srv/scratch/chacmod/OGI/speech/scripted/00/6/ks00b/ks00b2l0.wav,2.626031746031746,ks00b,nothing
/srv/scratch/chacmod/OGI/speech/scripted/00/6/ks00b/ks00b1m0.wav,3.5913832199546487,ks00b,hawthorne
/srv/scratch/chacmod/OGI/speech/scripted/00/6/ks00b/ks00b5y0.wav,5.594331065759637,ks00b,he breathed a sigh of relief
/srv/scratch/chacmod/OGI/speech/scripted/00/6/ks00b/ks00b640.wav,4.6191383219954645,ks00b,sir
/srv/scratch/chacmod/OGI/speech/scripted/00/6/ks00b/ks00b500.wav,6.600770975056689,ks00b,the flood took a car down the street
/srv/scratch/chacmod/OGI/speech/scripted/00/6/ks00b/ks00b5h0.wav,5.1400907029478455,ks00b,she'll be ready very soon
/srv/scratch/chacmod/OGI/speech/scripted/00/6/ks00b/ks00b760.wav,3.1560090702947847,ks00b,spoons
/srv/scratch/chacmod/OGI/speech/scripted/00/6/ks00b/ks00b1h0.wav,3.156780045351474,ks00b,fragment
/srv/scratch/chacmod/OGI/speech/scripted/00/6/ks00b/ks00b2g0.wav,2.0885714285714285,ks00b,musician
/srv/scratch/chacmod/OGI/speech/scripted/00/6/ks00b/ks00b0i0.wav,4.0918820861678,ks00b,cashflow
/srv/scratch/chacmod/OGI/speech/scripted/00/6/ks00b/ks00b630.wav,4.092290249433106,ks00b,that was an odd decision
/srv/scratch/chacmod/OGI/speech/scripted/00/6/ks00b/ks00b5r0.wav,6.095283446712018,ks00b,her veins pop out when she is mad
/srv/scratch/chacmod/OGI/speech/scripted/00/6/ks00b/ks00b610.wav,4.598412698412698,ks00b,he was really nice to us
/srv/scratch/chacmod/OGI/speech/scripted/00/6/ks00b/ks00b5j0.wav,5.138503401360544,ks00b,will you sing this song
/srv/scratch/chacmod/OGI/speech/scripted/00/6/ks00b/ks00b5z0.wav,4.091292517006803,ks00b,don't leave so soon
/srv/scratch/chacmod/OGI/speech/scripted/00/6/ks00b/ks00b3h0.wav,3.1565986394557823,ks00b,push
/srv/scratch/chacmod/OGI/speech/scripted/00/6/ks00b/ks00b030.wav,4.092154195011338,ks00b,archrival
/srv/scratch/chacmod/OGI/speech/scripted/00/6/ks00b/ks00b1r0.wav,2.616145124716553,ks00b,hourly
/srv/scratch/chacmod/OGI/speech/scripted/00/6/ks00b/ks00b210.wav,2.088390022675737,ks00b,lethargic
/srv/scratch/chacmod/OGI/speech/scripted/00/6/ks00b/ks00b120.wav,4.609070294784581,ks00b,disrupt
/srv/scratch/chacmod/OGI/speech/scripted/00/6/ks00b/ks00b0s0.wav,3.1566439909297053,ks00b,cooperate
/srv/scratch/chacmod/OGI/speech/scripted/00/6/ks00b/ks00b300.wav,2.0880725623582768,ks00b,obstacle
/srv/scratch/chacmod/OGI/speech/scripted/00/3/ks03b/ks03b6s0.wav,3.610566893424037,ks03b,shirt
/srv/scratch/chacmod/OGI/speech/scripted/00/3/ks03b/ks03b720.wav,3.1133333333333333,ks03b,snake
/srv/scratch/chacmod/OGI/speech/scripted/00/3/ks03b/ks03b7n0.wav,5.613968253968254,ks03b,tab
/srv/scratch/chacmod/OGI/speech/scripted/00/3/ks03b/ks03b500.wav,6.6157823129251705,ks03b,the flood took a car down the street
/srv/scratch/chacmod/OGI/speech/scripted/00/3/ks03b/ks03b8m0.wav,2.113015873015873,ks03b,wiseguy
/srv/scratch/chacmod/OGI/speech/scripted/00/3/ks03b/ks03b3j0.wav,2.1122902494331064,ks03b,real
/srv/scratch/chacmod/OGI/speech/scripted/00/3/ks03b/ks03b760.wav,3.114784580498866,ks03b,spoons
/srv/scratch/chacmod/OGI/speech/scripted/00/3/ks03b/ks03b580.wav,5.614195011337869,ks03b,his car thundered down the road
/srv/scratch/chacmod/OGI/speech/scripted/00/3/ks03b/ks03b4y0.wav,5.613968253968254,ks03b,your shadow always follows you
/srv/scratch/chacmod/OGI/speech/scripted/00/3/ks03b/ks03b3h0.wav,3.1141950113378685,ks03b,push
/srv/scratch/chacmod/OGI/speech/scripted/00/3/ks03b/ks03b7d0.wav,2.6090702947845803,ks03b,stooges
/srv/scratch/chacmod/OGI/speech/scripted/00/3/ks03b/ks03b8c0.wav,2.112607709750567,ks03b,upward
/srv/scratch/chacmod/OGI/speech/scripted/00/3/ks03b/ks03b560.wav,6.127709750566893,ks03b,even your ears sweat in a sauna
/srv/scratch/chacmod/OGI/speech/scripted/00/3/ks03b/ks03b380.wav,2.609387755102041,ks03b,pathetic
/srv/scratch/chacmod/OGI/speech/scripted/00/3/ks03b/ks03b3d0.wav,2.6095691609977325,ks03b,playhouse
/srv/scratch/chacmod/OGI/speech/scripted/00/3/ks03b/ks03b3t0.wav,5.117913832199546,ks03b,screwdriver
/srv/scratch/chacmod/OGI/speech/scripted/00/3/ks03b/ks03b520.wav,3.113514739229025,ks03b,honey can get sticky
/srv/scratch/chacmod/OGI/speech/scripted/00/3/ks03b/ks03b5j0.wav,5.117414965986394,ks03b,will you sing this song
/srv/scratch/chacmod/OGI/speech/scripted/00/3/ks03b/ks03b870.wav,3.1159637188208618,ks03b,underneath
/srv/scratch/chacmod/OGI/speech/scripted/00/3/ks03b/ks03b7x0.wav,2.6095691609977325,ks03b,thursday
/srv/scratch/chacmod/OGI/speech/scripted/00/3/ks03b/ks03b780.wav,2.6085714285714285,ks03b,squeegee
/srv/scratch/chacmod/OGI/speech/scripted/00/3/ks03b/ks03b3o0.wav,4.115102040816327,ks03b,rugby
/srv/scratch/chacmod/OGI/speech/scripted/00/3/ks03b/ks03b8r0.wav,2.609160997732426,ks03b,yankee
/srv/scratch/chacmod/OGI/speech/scripted/00/3/ks03b/ks03b550.wav,8.122721088435375,ks03b,the herd became angry and started a stampede
/srv/scratch/chacmod/OGI/speech/scripted/00/3/ks03b/ks03b820.wav,2.1122902494331064,ks03b,trauma
/srv/scratch/chacmod/OGI/speech/scripted/00/3/ks03b/ks03b7s0.wav,2.111791383219954,ks03b,thatch
/srv/scratch/chacmod/OGI/speech/scripted/00/3/ks03b/ks03b510.wav,7.130204081632653,ks03b,it can only be a good circus with elephants
/srv/scratch/chacmod/OGI/speech/scripted/00/3/ks03b/ks03b330.wav,3.611065759637188,ks03b,one
/srv/scratch/chacmod/OGI/speech/scripted/00/3/ks03b/ks03b4z0.wav,6.615646258503402,ks03b,we should try to save the whales
/srv/scratch/chacmod/OGI/speech/scripted/00/3/ks03b/ks03b6x0.wav,2.6095238095238096,ks03b,six
/srv/scratch/chacmod/OGI/speech/scripted/00/3/ks03b/ks03b570.wav,6.616190476190476,ks03b,don't make the same mistakes twice
/srv/scratch/chacmod/OGI/speech/scripted/00/3/ks03b/ks03b4x0.wav,7.120090702947846,ks03b,knights don't get scared of dragons
/srv/scratch/chacmod/OGI/speech/scripted/00/3/ks03b/ks03b530.wav,6.1184580498866215,ks03b,the bird sang a sweet melody
/srv/scratch/chacmod/OGI/speech/scripted/00/3/ks03b/ks03b8h0.wav,3.610884353741497,ks03b,warmth
/srv/scratch/chacmod/OGI/speech/scripted/00/3/ks03b/ks03b7i0.wav,2.609251700680272,ks03b,subtract
/srv/scratch/chacmod/OGI/speech/scripted/00/9/ks036/ks0367v0.wav,2.11265306122449,ks036,throughout
/srv/scratch/chacmod/OGI/speech/scripted/00/9/ks036/ks036850.wav,2.113514739229025,ks036,twenty
/srv/scratch/chacmod/OGI/speech/scripted/00/9/ks036/ks036490.wav,5.614195011337869,ks036,try to lick the lollipop
/srv/scratch/chacmod/OGI/speech/scripted/00/9/ks036/ks036760.wav,3.1141043083900226,ks036,spoons
/srv/scratch/chacmod/OGI/speech/scripted/00/9/ks036/ks0368u0.wav,2.6095238095238096,ks036,zucchini
/srv/scratch/chacmod/OGI/speech/scripted/00/9/ks036/ks0363r0.wav,2.1136961451247167,ks036,school
/srv/scratch/chacmod/OGI/speech/scripted/00/9/ks036/ks036410.wav,5.614013605442177,ks036,i don't clean windows
/srv/scratch/chacmod/OGI/speech/scripted/00/9/ks036/ks036500.wav,6.616009070294784,ks036,the flood took a car down the street
/srv/scratch/chacmod/OGI/speech/scripted/00/9/ks036/ks0364a0.wav,6.616281179138322,ks036,could you pass the other jam please
/srv/scratch/chacmod/OGI/speech/scripted/00/9/ks036/ks036450.wav,5.613650793650794,ks036,i'm good with things like that
/srv/scratch/chacmod/OGI/speech/scripted/00/9/ks036/ks036360.wav,3.114512471655329,ks036,overreaction
/srv/scratch/chacmod/OGI/speech/scripted/00/9/ks036/ks0368a0.wav,3.611337868480726,ks036,unwilling
/srv/scratch/chacmod/OGI/speech/scripted/00/9/ks036/ks0367b0.wav,4.6118820861678005,ks036,steamship
/srv/scratch/chacmod/OGI/speech/scripted/00/9/ks036/ks0365j0.wav,5.117732426303855,ks036,will you sing this song
/srv/scratch/chacmod/OGI/speech/scripted/00/9/ks036/ks036430.wav,4.61156462585034,ks036,i think cats are cute
/srv/scratch/chacmod/OGI/speech/scripted/00/9/ks036/ks036700.wav,3.3156916099773244,ks036,smoke
/srv/scratch/chacmod/OGI/speech/scripted/00/9/ks036/ks0366q0.wav,1.912517006802721,ks036,shades
/srv/scratch/chacmod/OGI/speech/scripted/00/9/ks036/ks0364c0.wav,6.118231292517007,ks036,charles will sell fifty almonds
/srv/scratch/chacmod/OGI/speech/scripted/00/9/ks036/ks0367l0.wav,2.6087074829931973,ks036,surround
/srv/scratch/chacmod/OGI/speech/scripted/00/9/ks036/ks0368k0.wav,3.124625850340136,ks036,weatherproof
/srv/scratch/chacmod/OGI/speech/scripted/00/9/ks036/ks036470.wav,6.11922902494331,ks036,the dog is a big
/srv/scratch/chacmod/OGI/speech/scripted/00/9/ks036/ks0363h0.wav,3.1154648526077096,ks036,push
/srv/scratch/chacmod/OGI/speech/scripted/00/9/ks036/ks0368f0.wav,2.6094784580498867,ks036,vowel
/srv/scratch/chacmod/OGI/speech/scripted/00/9/ks036/ks0367g0.wav,3.1131519274376416,ks036,subdue
/srv/scratch/chacmod/OGI/speech/scripted/00/9/ks036/ks036420.wav,6.118956916099774,ks036,the cows' hay was not dry yet
/srv/scratch/chacmod/OGI/speech/scripted/00/9/ks036/ks036460.wav,5.613151927437642,ks036,help me unroll the new rug
/srv/scratch/chacmod/OGI/speech/scripted/00/9/ks036/ks0363g0.wav,3.1151927437641724,ks036,punishment
/srv/scratch/chacmod/OGI/speech/scripted/00/9/ks036/ks0363m0.wav,3.610340136054422,ks036,rock
/srv/scratch/chacmod/OGI/speech/scripted/00/9/ks036/ks0368p0.wav,2.6087528344671203,ks036,wonderful
/srv/scratch/chacmod/OGI/speech/scripted/00/9/ks036/ks0367q0.wav,2.609342403628118,ks036,ten
/srv/scratch/chacmod/OGI/speech/scripted/00/9/ks036/ks036800.wav,2.609387755102041,ks036,town
/srv/scratch/chacmod/OGI/speech/scripted/00/9/ks036/ks0366v0.wav,2.6090702947845803,ks036,shortchange
/srv/scratch/chacmod/OGI/speech/scripted/00/9/ks036/ks036750.wav,3.115328798185941,ks036,southmost
/srv/scratch/chacmod/OGI/speech/scripted/00/9/ks036/ks036480.wav,6.119501133786848,ks036,we've just started the egg toss
/srv/scratch/chacmod/OGI/speech/scripted/00/4/ks02v/ks02v5i0.wav,4.611836734693878,ks02v,we had a birdseye view
/srv/scratch/chacmod/OGI/speech/scripted/00/4/ks02v/ks02v590.wav,5.613378684807256,ks02v,don't think about it too much
/srv/scratch/chacmod/OGI/speech/scripted/00/4/ks02v/ks02v5a0.wav,6.118775510204082,ks02v,i hope the airplane will get higher
/srv/scratch/chacmod/OGI/speech/scripted/00/4/ks02v/ks02v020.wav,4.612199546485261,ks02v,announce
/srv/scratch/chacmod/OGI/speech/scripted/00/4/ks02v/ks02v1q0.wav,2.6094784580498867,ks02v,hopeful
/srv/scratch/chacmod/OGI/speech/scripted/00/4/ks02v/ks02v200.wav,3.7052607709750567,ks02v,lengthen
/srv/scratch/chacmod/OGI/speech/scripted/00/4/ks02v/ks02v0r0.wav,3.6109750566893424,ks02v,concept
/srv/scratch/chacmod/OGI/speech/scripted/00/4/ks02v/ks02v110.wav,2.608843537414966,ks02v,direct
/srv/scratch/chacmod/OGI/speech/scripted/00/4/ks02v/ks02v5e0.wav,5.614195011337869,ks02v,will you please bathe
/srv/scratch/chacmod/OGI/speech/scripted/00/4/ks02v/ks02v5k0.wav,6.61546485260771,ks02v,buying the ring took all of my money
/srv/scratch/chacmod/OGI/speech/scripted/00/4/ks02v/ks02v2f0.wav,4.115510204081633,ks02v,mouths
/srv/scratch/chacmod/OGI/speech/scripted/00/4/ks02v/ks02v0h0.wav,3.1140136054421768,ks02v,bronco
/srv/scratch/chacmod/OGI/speech/scripted/00/4/ks02v/ks02v1g0.wav,2.1117006802721088,ks02v,four
/srv/scratch/chacmod/OGI/speech/scripted/00/4/ks02v/ks02v5c0.wav,6.130158730158731,ks02v,give keith a moment to think
/srv/scratch/chacmod/OGI/speech/scripted/00/4/ks02v/ks02v2z0.wav,2.9127891156462584,ks02v,objected
/srv/scratch/chacmod/OGI/speech/scripted/00/4/ks02v/ks02v5g0.wav,5.117324263038549,ks02v,take off your hat
/srv/scratch/chacmod/OGI/speech/scripted/00/4/ks02v/ks02v5j0.wav,5.128979591836735,ks02v,will you sing this song
/srv/scratch/chacmod/OGI/speech/scripted/00/4/ks02v/ks02v0w0.wav,2.3137868480725623,ks02v,cultures
/srv/scratch/chacmod/OGI/speech/scripted/00/4/ks02v/ks02v160.wav,4.115102040816327,ks02v,employees
/srv/scratch/chacmod/OGI/speech/scripted/00/4/ks02v/ks02v070.wav,3.113968253968254,ks02v,awesome
/srv/scratch/chacmod/OGI/speech/scripted/00/4/ks02v/ks02v1v0.wav,3.113650793650794,ks02v,interrupt
/srv/scratch/chacmod/OGI/speech/scripted/00/4/ks02v/ks02v250.wav,3.611156462585034,ks02v,lumberyard
/srv/scratch/chacmod/OGI/speech/scripted/00/4/ks02v/ks02v5b0.wav,4.612607709750567,ks02v,our tent can hold six people
/srv/scratch/chacmod/OGI/speech/scripted/00/4/ks02v/ks02v1b0.wav,3.6107936507936502,ks02v,faithful
/srv/scratch/chacmod/OGI/speech/scripted/00/4/ks02v/ks02v0c0.wav,3.6105215419501135,ks02v,bigfoot
/srv/scratch/chacmod/OGI/speech/scripted/00/4/ks02v/ks02v2a0.wav,3.11265306122449,ks02v,microwaves
/srv/scratch/chacmod/OGI/speech/scripted/00/4/ks02v/ks02v3h0.wav,3.1118820861678005,ks02v,push
/srv/scratch/chacmod/OGI/speech/scripted/00/4/ks02v/ks02v5f0.wav,5.117142857142857,ks02v,put the key in the key hole
/srv/scratch/chacmod/OGI/speech/scripted/00/4/ks02v/ks02v5l0.wav,7.121451247165533,ks02v,why is the earth inside the milky way
/srv/scratch/chacmod/OGI/speech/scripted/00/4/ks02v/ks02v500.wav,6.605396825396825,ks02v,the flood took a car down the street
/srv/scratch/chacmod/OGI/speech/scripted/00/4/ks02v/ks02v760.wav,3.1140136054421768,ks02v,spoons
/srv/scratch/chacmod/OGI/speech/scripted/00/4/ks02v/ks02v1l0.wav,3.111791383219954,ks02v,hardship
/srv/scratch/chacmod/OGI/speech/scripted/00/4/ks02v/ks02v2k0.wav,3.1146485260770973,ks02v,normal
/srv/scratch/chacmod/OGI/speech/scripted/00/4/ks02v/ks02v0m0.wav,3.6109750566893424,ks02v,chewy
/srv/scratch/chacmod/OGI/speech/scripted/00/2/ks010/ks0104q0.wav,6.591836734693878,ks010,edgar does not have a job
/srv/scratch/chacmod/OGI/speech/scripted/00/2/ks010/ks010500.wav,6.60108843537415,ks010,the flood took a car down the street
/srv/scratch/chacmod/OGI/speech/scripted/00/2/ks010/ks010760.wav,3.156145124716553,ks010,spoons
/srv/scratch/chacmod/OGI/speech/scripted/00/2/ks010/ks0104u0.wav,6.593832199546485,ks010,stewart has five friends in richmond
/srv/scratch/chacmod/OGI/speech/scripted/00/2/ks010/ks0104m0.wav,5.594467120181406,ks010,pay albert for the fresh water
/srv/scratch/chacmod/OGI/speech/scripted/00/2/ks010/ks010100.wav,2.615328798185941,ks010,digested
/srv/scratch/chacmod/OGI/speech/scripted/00/2/ks010/ks0100q0.wav,3.09015873015873,ks010,cliffhanger
/srv/scratch/chacmod/OGI/speech/scripted/00/2/ks010/ks0101p0.wav,2.0877097505668933,ks010,hoof
/srv/scratch/chacmod/OGI/speech/scripted/00/2/ks010/ks010010.wav,3.591201814058957,ks010,allowing
/srv/scratch/chacmod/OGI/speech/scripted/00/2/ks010/ks0104s0.wav,6.0954648526077095,ks010,who will the soldier vote for
/srv/scratch/chacmod/OGI/speech/scripted/00/2/ks010/ks0102e0.wav,2.6159637188208618,ks010,moisture
/srv/scratch/chacmod/OGI/speech/scripted/00/2/ks010/ks0100g0.wav,3.157460317460317,ks010,breath
/srv/scratch/chacmod/OGI/speech/scripted/00/2/ks010/ks0101f0.wav,3.1560090702947847,ks010,flagpole
/srv/scratch/chacmod/OGI/speech/scripted/00/2/ks010/ks0105j0.wav,5.140226757369614,ks010,will you sing this song
/srv/scratch/chacmod/OGI/speech/scripted/00/2/ks010/ks0101z0.wav,2.614965986394558,ks010,lawyer
/srv/scratch/chacmod/OGI/speech/scripted/00/2/ks010/ks010290.wav,3.591065759637188,ks010,meaningless
/srv/scratch/chacmod/OGI/speech/scripted/00/2/ks010/ks0102y0.wav,3.156190476190476,ks010,oasis
/srv/scratch/chacmod/OGI/speech/scripted/00/2/ks010/ks0104w0.wav,6.0954648526077095,ks010,doug thinks he will win the race
/srv/scratch/chacmod/OGI/speech/scripted/00/2/ks010/ks0103h0.wav,3.155918367346939,ks010,push
/srv/scratch/chacmod/OGI/speech/scripted/00/2/ks010/ks0104o0.wav,8.088390022675737,ks010,san diego is very green this year
/srv/scratch/chacmod/OGI/speech/scripted/00/2/ks010/ks0104r0.wav,7.124263038548753,ks010,you can save water in your bathtub
/srv/scratch/chacmod/OGI/speech/scripted/00/2/ks010/ks0100v0.wav,4.091972789115646,ks010,cross
/srv/scratch/chacmod/OGI/speech/scripted/00/2/ks010/ks010150.wav,3.5903854875283447,ks010,eight
/srv/scratch/chacmod/OGI/speech/scripted/00/2/ks010/ks010060.wav,3.5909750566893424,ks010,average
/srv/scratch/chacmod/OGI/speech/scripted/00/2/ks010/ks0101u0.wav,3.1569614512471653,ks010,imagery
/srv/scratch/chacmod/OGI/speech/scripted/00/2/ks010/ks010240.wav,3.6010430839002265,ks010,loyal
/srv/scratch/chacmod/OGI/speech/scripted/00/2/ks010/ks0101a0.wav,2.0877551020408163,ks010,explosion
/srv/scratch/chacmod/OGI/speech/scripted/00/2/ks010/ks0100b0.wav,3.1560997732426306,ks010,beyond
/srv/scratch/chacmod/OGI/speech/scripted/00/2/ks010/ks0104n0.wav,5.603537414965986,ks010,the briefcase is open now
/srv/scratch/chacmod/OGI/speech/scripted/00/2/ks010/ks0104t0.wav,6.591383219954649,ks010,turn the volume on the radio down
/srv/scratch/chacmod/OGI/speech/scripted/00/2/ks010/ks0101k0.wav,4.0918820861678,ks010,handshake
/srv/scratch/chacmod/OGI/speech/scripted/00/2/ks010/ks0102j0.wav,4.0921995464852605,ks010,nine
/srv/scratch/chacmod/OGI/speech/scripted/00/2/ks010/ks0100l0.wav,2.617142857142857,ks010,chalk
/srv/scratch/chacmod/OGI/speech/scripted/00/2/ks010/ks0104p0.wav,6.0954648526077095,ks010,the angry chef cooked his vegetables
/srv/scratch/chacmod/OGI/speech/scripted/00/9/ks018/ks0187v0.wav,2.0884807256235827,ks018,throughout
/srv/scratch/chacmod/OGI/speech/scripted/00/9/ks018/ks018850.wav,2.0885260770975056,ks018,twenty
/srv/scratch/chacmod/OGI/speech/scripted/00/9/ks018/ks018490.wav,5.5941496598639455,ks018,try to lick the lollipop
/srv/scratch/chacmod/OGI/speech/scripted/00/9/ks018/ks0188u0.wav,2.614784580498866,ks018,zucchini
/srv/scratch/chacmod/OGI/speech/scripted/00/9/ks018/ks018760.wav,3.153832199546485,ks018,spoons
/srv/scratch/chacmod/OGI/speech/scripted/00/9/ks018/ks0183r0.wav,2.0884807256235827,ks018,school
/srv/scratch/chacmod/OGI/speech/scripted/00/9/ks018/ks018410.wav,5.593968253968254,ks018,i don't clean windows
/srv/scratch/chacmod/OGI/speech/scripted/00/9/ks018/ks018500.wav,6.585034013605442,ks018,the flood took a car down the street
/srv/scratch/chacmod/OGI/speech/scripted/00/9/ks018/ks0184a0.wav,6.5918820861678,ks018,could you pass the other jam please
/srv/scratch/chacmod/OGI/speech/scripted/00/9/ks018/ks018450.wav,5.594285714285714,ks018,i'm good with things like that
/srv/scratch/chacmod/OGI/speech/scripted/00/9/ks018/ks018360.wav,3.1543310657596373,ks018,overreaction
/srv/scratch/chacmod/OGI/speech/scripted/00/9/ks018/ks0188a0.wav,3.59079365079365,ks018,unwilling
/srv/scratch/chacmod/OGI/speech/scripted/00/9/ks018/ks0187b0.wav,4.59718820861678,ks018,steamship
/srv/scratch/chacmod/OGI/speech/scripted/00/9/ks018/ks0185j0.wav,5.1368253968253965,ks018,will you sing this song
/srv/scratch/chacmod/OGI/speech/scripted/00/9/ks018/ks018430.wav,4.598639455782313,ks018,i think cats are cute
/srv/scratch/chacmod/OGI/speech/scripted/00/9/ks018/ks0186q0.wav,1.8922902494331064,ks018,shades
/srv/scratch/chacmod/OGI/speech/scripted/00/9/ks018/ks018700.wav,3.2002721088435373,ks018,smoke
/srv/scratch/chacmod/OGI/speech/scripted/00/9/ks018/ks0184c0.wav,6.095328798185941,ks018,charles will sell fifty almonds
/srv/scratch/chacmod/OGI/speech/scripted/00/9/ks018/ks0187l0.wav,2.6150113378684807,ks018,surround
/srv/scratch/chacmod/OGI/speech/scripted/00/9/ks018/ks0188k0.wav,3.155827664399093,ks018,weatherproof
/srv/scratch/chacmod/OGI/speech/scripted/00/9/ks018/ks018470.wav,6.094875283446712,ks018,the dog is a big
/srv/scratch/chacmod/OGI/speech/scripted/00/9/ks018/ks0183h0.wav,3.155827664399093,ks018,push
/srv/scratch/chacmod/OGI/speech/scripted/00/9/ks018/ks0188f0.wav,2.6146485260770973,ks018,vowel
/srv/scratch/chacmod/OGI/speech/scripted/00/9/ks018/ks0187g0.wav,3.1555102040816325,ks018,subdue
/srv/scratch/chacmod/OGI/speech/scripted/00/9/ks018/ks018420.wav,6.094331065759637,ks018,the cows' hay was not dry yet
/srv/scratch/chacmod/OGI/speech/scripted/00/9/ks018/ks018460.wav,5.594285714285714,ks018,help me unroll the new rug
/srv/scratch/chacmod/OGI/speech/scripted/00/9/ks018/ks0183g0.wav,3.1552834467120183,ks018,punishment
/srv/scratch/chacmod/OGI/speech/scripted/00/9/ks018/ks0183m0.wav,3.5905668934240365,ks018,rock
/srv/scratch/chacmod/OGI/speech/scripted/00/9/ks018/ks0188p0.wav,2.614829931972789,ks018,wonderful
/srv/scratch/chacmod/OGI/speech/scripted/00/9/ks018/ks0187q0.wav,2.6174149659863946,ks018,ten
/srv/scratch/chacmod/OGI/speech/scripted/00/9/ks018/ks018800.wav,2.614875283446712,ks018,town
/srv/scratch/chacmod/OGI/speech/scripted/00/9/ks018/ks0186v0.wav,2.6140136054421768,ks018,shortchange
/srv/scratch/chacmod/OGI/speech/scripted/00/9/ks018/ks018750.wav,3.1552834467120183,ks018,southmost
/srv/scratch/chacmod/OGI/speech/scripted/00/9/ks018/ks018480.wav,6.094965986394558,ks018,we've just started the egg toss
/srv/scratch/chacmod/OGI/speech/scripted/00/8/ks011/ks0111s0.wav,2.087981859410431,ks011,humor
/srv/scratch/chacmod/OGI/speech/scripted/00/8/ks011/ks011220.wav,2.6156462585034013,ks011,lifeboats
/srv/scratch/chacmod/OGI/speech/scripted/00/8/ks011/ks011040.wav,3.5903854875283447,ks011,aspire
/srv/scratch/chacmod/OGI/speech/scripted/00/8/ks011/ks011400.wav,4.5974603174603175,ks011,greet me with open arms
/srv/scratch/chacmod/OGI/speech/scripted/00/8/ks011/ks0116n0.wav,5.594331065759637,ks011,i'm sorry
/srv/scratch/chacmod/OGI/speech/scripted/00/8/ks011/ks011310.wav,2.6154648526077096,ks011,obvious
/srv/scratch/chacmod/OGI/speech/scripted/00/8/ks011/ks0110t0.wav,5.140634920634921,ks011,cowboys
/srv/scratch/chacmod/OGI/speech/scripted/00/8/ks011/ks011130.wav,2.61469387755102,ks011,earthquake
/srv/scratch/chacmod/OGI/speech/scripted/00/8/ks011/ks0113y0.wav,4.5994104308390025,ks011,you didn't arrive too late
/srv/scratch/chacmod/OGI/speech/scripted/00/8/ks011/ks0116j0.wav,4.598820861678004,ks011,we gathered sticks for the fire
/srv/scratch/chacmod/OGI/speech/scripted/00/8/ks011/ks0110j0.wav,2.614784580498866,ks011,cautiously
/srv/scratch/chacmod/OGI/speech/scripted/00/8/ks011/ks0112h0.wav,3.590068027210884,ks011,mutual
/srv/scratch/chacmod/OGI/speech/scripted/00/8/ks011/ks0111i0.wav,1.5877097505668931,ks011,growl
/srv/scratch/chacmod/OGI/speech/scripted/00/8/ks011/ks0116l0.wav,7.121950113378685,ks011,my sleeve caught the thorny bush
/srv/scratch/chacmod/OGI/speech/scripted/00/8/ks011/ks011500.wav,6.593151927437642,ks011,the flood took a car down the street
/srv/scratch/chacmod/OGI/speech/scripted/00/8/ks011/ks0116o0.wav,7.6624489795918365,ks011,someone bought a beautiful ring for you
/srv/scratch/chacmod/OGI/speech/scripted/00/8/ks011/ks0111d0.wav,2.088390022675737,ks011,female
/srv/scratch/chacmod/OGI/speech/scripted/00/8/ks011/ks0112c0.wav,4.091972789115646,ks011,misjudged
/srv/scratch/chacmod/OGI/speech/scripted/00/8/ks011/ks0110e0.wav,3.5933333333333333,ks011,birthmark
/srv/scratch/chacmod/OGI/speech/scripted/00/8/ks011/ks011760.wav,3.155691609977324,ks011,spoons
/srv/scratch/chacmod/OGI/speech/scripted/00/8/ks011/ks0113z0.wav,6.595328798185941,ks011,five people can fit in the elevator
/srv/scratch/chacmod/OGI/speech/scripted/00/8/ks011/ks0110y0.wav,3.590702947845805,ks011,depths
/srv/scratch/chacmod/OGI/speech/scripted/00/8/ks011/ks011180.wav,2.614512471655329,ks011,engrave
/srv/scratch/chacmod/OGI/speech/scripted/00/8/ks011/ks0111x0.wav,2.6156009070294783,ks011,jurors
/srv/scratch/chacmod/OGI/speech/scripted/00/8/ks011/ks011270.wav,2.6151927437641724,ks011,mature
/srv/scratch/chacmod/OGI/speech/scripted/00/8/ks011/ks011090.wav,4.0918820861678,ks011,bathe
/srv/scratch/chacmod/OGI/speech/scripted/00/8/ks011/ks0116k0.wav,6.595918367346939,ks011,santa deemed rudolph the leader
/srv/scratch/chacmod/OGI/speech/scripted/00/8/ks011/ks0111n0.wav,3.155691609977324,ks011,herbalist
/srv/scratch/chacmod/OGI/speech/scripted/00/8/ks011/ks0115j0.wav,5.138231292517006,ks011,will you sing this song
/srv/scratch/chacmod/OGI/speech/scripted/00/8/ks011/ks0110o0.wav,3.5908390022675736,ks011,circumstance
/srv/scratch/chacmod/OGI/speech/scripted/00/8/ks011/ks0112m0.wav,3.1565079365079365,ks011,novel
/srv/scratch/chacmod/OGI/speech/scripted/00/8/ks011/ks0113x0.wav,4.597777777777778,ks011,we've had a wonderful night
/srv/scratch/chacmod/OGI/speech/scripted/00/8/ks011/ks0113h0.wav,3.1560090702947847,ks011,push
/srv/scratch/chacmod/OGI/speech/scripted/00/8/ks011/ks0116m0.wav,5.593786848072562,ks011,the stove melted the butter
/srv/scratch/chacmod/OGI/speech/scripted/00/1/ks003/ks0033h0.wav,3.1555102040816325,ks003,push
/srv/scratch/chacmod/OGI/speech/scripted/00/1/ks003/ks0034g0.wav,6.095147392290249,ks003,unplug the toaster
/srv/scratch/chacmod/OGI/speech/scripted/00/1/ks003/ks0035j0.wav,5.139455782312925,ks003,will you sing this song
/srv/scratch/chacmod/OGI/speech/scripted/00/1/ks003/ks0037h0.wav,2.615691609977324,ks003,submit
/srv/scratch/chacmod/OGI/speech/scripted/00/1/ks003/ks0038g0.wav,2.614784580498866,ks003,wagging
/srv/scratch/chacmod/OGI/speech/scripted/00/1/ks003/ks003320.wav,2.6152834467120183,ks003,offshore
/srv/scratch/chacmod/OGI/speech/scripted/00/1/ks003/ks003500.wav,6.595419501133787,ks003,the flood took a car down the street
/srv/scratch/chacmod/OGI/speech/scripted/00/1/ks003/ks0036w0.wav,1.8950113378684807,ks003,singer
/srv/scratch/chacmod/OGI/speech/scripted/00/1/ks003/ks003760.wav,3.1578231292517005,ks003,spoons
/srv/scratch/chacmod/OGI/speech/scripted/00/1/ks003/ks0034i0.wav,5.138503401360544,ks003,bill has purple glasses
/srv/scratch/chacmod/OGI/speech/scripted/00/1/ks003/ks0038q0.wav,1.5871655328798189,ks003,woolen
/srv/scratch/chacmod/OGI/speech/scripted/00/1/ks003/ks0037r0.wav,2.0884807256235827,ks003,thanks
/srv/scratch/chacmod/OGI/speech/scripted/00/1/ks003/ks003810.wav,2.0873922902494333,ks003,toyota
/srv/scratch/chacmod/OGI/speech/scripted/00/1/ks003/ks0034e0.wav,6.095147392290249,ks003,jason likes playing with garfield
/srv/scratch/chacmod/OGI/speech/scripted/00/1/ks003/ks0033n0.wav,2.08875283446712,ks003,royal
/srv/scratch/chacmod/OGI/speech/scripted/00/1/ks003/ks0037m0.wav,2.08875283446712,ks003,swoop
/srv/scratch/chacmod/OGI/speech/scripted/00/1/ks003/ks0038l0.wav,2.0884807256235827,ks003,white
/srv/scratch/chacmod/OGI/speech/scripted/00/1/ks003/ks0034h0.wav,5.13891156462585,ks003,is that girl chewing gum
/srv/scratch/chacmod/OGI/speech/scripted/00/1/ks003/ks0033i0.wav,2.61469387755102,ks003,ragtime
/srv/scratch/chacmod/OGI/speech/scripted/00/1/ks003/ks003440.wav,6.592789115646259,ks003,that pink marble cost me a dollar
/srv/scratch/chacmod/OGI/speech/scripted/00/1/ks003/ks003710.wav,2.088390022675737,ks003,smoothly
/srv/scratch/chacmod/OGI/speech/scripted/00/1/ks003/ks0036r0.wav,5.141043083900227,ks003,sheepdog
/srv/scratch/chacmod/OGI/speech/scripted/00/1/ks003/ks0034d0.wav,6.095328798185941,ks003,chasing sally can be dangerous
/srv/scratch/chacmod/OGI/speech/scripted/00/1/ks003/ks0034l0.wav,7.123265306122449,ks003,silver robot toys are the best
/srv/scratch/chacmod/OGI/speech/scripted/00/1/ks003/ks0033s0.wav,4.092063492063492,ks003,scrapbook
/srv/scratch/chacmod/OGI/speech/scripted/00/1/ks003/ks0034b0.wav,7.123854875283446,ks003,every month i eat some chocolate
/srv/scratch/chacmod/OGI/speech/scripted/00/1/ks003/ks0033c0.wav,3.591156462585034,ks003,picture
/srv/scratch/chacmod/OGI/speech/scripted/00/1/ks003/ks0037w0.wav,1.7282539682539682,ks003,thrower
/srv/scratch/chacmod/OGI/speech/scripted/00/1/ks003/ks003860.wav,2.0880725623582768,ks003,two
/srv/scratch/chacmod/OGI/speech/scripted/00/1/ks003/ks003770.wav,2.61718820861678,ks003,springhill
/srv/scratch/chacmod/OGI/speech/scripted/00/1/ks003/ks0034j0.wav,6.095147392290249,ks003,fred didn't try the carrot juice
/srv/scratch/chacmod/OGI/speech/scripted/00/1/ks003/ks003370.wav,3.0690702947845807,ks003,page
/srv/scratch/chacmod/OGI/speech/scripted/00/1/ks003/ks0034f0.wav,5.5941950113378685,ks003,people like to sing in cairo
/srv/scratch/chacmod/OGI/speech/scripted/00/1/ks003/ks0038b0.wav,2.6154648526077096,ks003,updated
/srv/scratch/chacmod/OGI/speech/scripted/00/1/ks003/ks0037c0.wav,2.6163265306122447,ks003,stepfather
/srv/scratch/chacmod/OGI/speech/scripted/00/2/ks031/ks0314n0.wav,5.614013605442177,ks031,the briefcase is open now
/srv/scratch/chacmod/OGI/speech/scripted/00/2/ks031/ks0310b0.wav,3.1137868480725626,ks031,beyond
/srv/scratch/chacmod/OGI/speech/scripted/00/2/ks031/ks0311a0.wav,2.11265306122449,ks031,explosion
/srv/scratch/chacmod/OGI/speech/scripted/00/2/ks031/ks031060.wav,3.611065759637188,ks031,average
/srv/scratch/chacmod/OGI/speech/scripted/00/2/ks031/ks0311u0.wav,3.1131519274376416,ks031,imagery
/srv/scratch/chacmod/OGI/speech/scripted/00/2/ks031/ks031240.wav,3.610340136054422,ks031,loyal
/srv/scratch/chacmod/OGI/speech/scripted/00/2/ks031/ks0314r0.wav,7.12063492063492,ks031,you can save water in your bathtub
/srv/scratch/chacmod/OGI/speech/scripted/00/2/ks031/ks0310v0.wav,4.116689342403628,ks031,cross
/srv/scratch/chacmod/OGI/speech/scripted/00/2/ks031/ks031150.wav,3.610476190476191,ks031,eight
/srv/scratch/chacmod/OGI/speech/scripted/00/2/ks031/ks0314p0.wav,6.11827664399093,ks031,the angry chef cooked his vegetables
/srv/scratch/chacmod/OGI/speech/scripted/00/2/ks031/ks0312j0.wav,4.117097505668935,ks031,nine
/srv/scratch/chacmod/OGI/speech/scripted/00/2/ks031/ks0310l0.wav,2.6094784580498867,ks031,chalk
/srv/scratch/chacmod/OGI/speech/scripted/00/2/ks031/ks0311k0.wav,4.115918367346938,ks031,handshake
/srv/scratch/chacmod/OGI/speech/scripted/00/2/ks031/ks0314t0.wav,6.605079365079365,ks031,turn the volume on the radio down
/srv/scratch/chacmod/OGI/speech/scripted/00/2/ks031/ks0314o0.wav,8.12204081632653,ks031,san diego is very green this year
/srv/scratch/chacmod/OGI/speech/scripted/00/2/ks031/ks0312y0.wav,3.1131972789115645,ks031,oasis
/srv/scratch/chacmod/OGI/speech/scripted/00/2/ks031/ks0314w0.wav,6.118911564625851,ks031,doug thinks he will win the race
/srv/scratch/chacmod/OGI/speech/scripted/00/2/ks031/ks0311z0.wav,2.6085260770975056,ks031,lawyer
/srv/scratch/chacmod/OGI/speech/scripted/00/2/ks031/ks031290.wav,3.61015873015873,ks031,meaningless
/srv/scratch/chacmod/OGI/speech/scripted/00/2/ks031/ks0313h0.wav,3.1132879818594104,ks031,push
/srv/scratch/chacmod/OGI/speech/scripted/00/2/ks031/ks0314s0.wav,6.1184580498866215,ks031,who will the soldier vote for
/srv/scratch/chacmod/OGI/speech/scripted/00/2/ks031/ks0311f0.wav,3.113650793650794,ks031,flagpole
/srv/scratch/chacmod/OGI/speech/scripted/00/2/ks031/ks0310g0.wav,3.1238548752834467,ks031,breath
/srv/scratch/chacmod/OGI/speech/scripted/00/2/ks031/ks0312e0.wav,2.608979591836735,ks031,moisture
/srv/scratch/chacmod/OGI/speech/scripted/00/2/ks031/ks0315j0.wav,5.127573696145125,ks031,will you sing this song
/srv/scratch/chacmod/OGI/speech/scripted/00/2/ks031/ks0314q0.wav,6.6059410430839005,ks031,edgar does not have a job
/srv/scratch/chacmod/OGI/speech/scripted/00/2/ks031/ks031500.wav,6.615419501133787,ks031,the flood took a car down the street
/srv/scratch/chacmod/OGI/speech/scripted/00/2/ks031/ks031760.wav,3.1151020408163266,ks031,spoons
/srv/scratch/chacmod/OGI/speech/scripted/00/2/ks031/ks0314u0.wav,6.614648526077097,ks031,stewart has five friends in richmond
/srv/scratch/chacmod/OGI/speech/scripted/00/2/ks031/ks0311p0.wav,2.1127891156462586,ks031,hoof
/srv/scratch/chacmod/OGI/speech/scripted/00/2/ks031/ks031010.wav,3.610476190476191,ks031,allowing
/srv/scratch/chacmod/OGI/speech/scripted/00/2/ks031/ks0310q0.wav,3.1234467120181404,ks031,cliffhanger
/srv/scratch/chacmod/OGI/speech/scripted/00/2/ks031/ks031100.wav,2.6090702947845803,ks031,digested
/srv/scratch/chacmod/OGI/speech/scripted/00/2/ks031/ks0314m0.wav,5.613968253968254,ks031,pay albert for the fresh water
/srv/scratch/chacmod/OGI/speech/scripted/00/3/ks038/ks0383h0.wav,3.1143310657596373,ks038,push
/srv/scratch/chacmod/OGI/speech/scripted/00/3/ks038/ks0387d0.wav,2.6098412698412696,ks038,stooges
/srv/scratch/chacmod/OGI/speech/scripted/00/3/ks038/ks0388c0.wav,2.1129705215419503,ks038,upward
/srv/scratch/chacmod/OGI/speech/scripted/00/3/ks038/ks038380.wav,2.6098412698412696,ks038,pathetic
/srv/scratch/chacmod/OGI/speech/scripted/00/3/ks038/ks038560.wav,6.118911564625851,ks038,even your ears sweat in a sauna
/srv/scratch/chacmod/OGI/speech/scripted/00/3/ks038/ks0385j0.wav,5.120090702947846,ks038,will you sing this song
/srv/scratch/chacmod/OGI/speech/scripted/00/3/ks038/ks0387x0.wav,2.608979591836735,ks038,thursday
/srv/scratch/chacmod/OGI/speech/scripted/00/3/ks038/ks038870.wav,3.1152834467120183,ks038,underneath
/srv/scratch/chacmod/OGI/speech/scripted/00/3/ks038/ks038780.wav,2.6087528344671203,ks038,squeegee
/srv/scratch/chacmod/OGI/speech/scripted/00/3/ks038/ks0383t0.wav,5.118231292517007,ks038,screwdriver
/srv/scratch/chacmod/OGI/speech/scripted/00/3/ks038/ks038520.wav,3.124399092970521,ks038,honey can get sticky
/srv/scratch/chacmod/OGI/speech/scripted/00/3/ks038/ks0383d0.wav,2.6090702947845803,ks038,playhouse
/srv/scratch/chacmod/OGI/speech/scripted/00/3/ks038/ks0383j0.wav,2.112834467120181,ks038,real
/srv/scratch/chacmod/OGI/speech/scripted/00/3/ks038/ks0384y0.wav,5.614784580498866,ks038,your shadow always follows you
/srv/scratch/chacmod/OGI/speech/scripted/00/3/ks038/ks038580.wav,5.614648526077097,ks038,his car thundered down the road
/srv/scratch/chacmod/OGI/speech/scripted/00/3/ks038/ks038760.wav,3.1143310657596373,ks038,spoons
/srv/scratch/chacmod/OGI/speech/scripted/00/3/ks038/ks0387n0.wav,5.61437641723356,ks038,tab
/srv/scratch/chacmod/OGI/speech/scripted/00/3/ks038/ks0388m0.wav,2.113514739229025,ks038,wiseguy
/srv/scratch/chacmod/OGI/speech/scripted/00/3/ks038/ks038500.wav,6.616281179138322,ks038,the flood took a car down the street
/srv/scratch/chacmod/OGI/speech/scripted/00/3/ks038/ks038720.wav,3.114467120181406,ks038,snake
/srv/scratch/chacmod/OGI/speech/scripted/00/3/ks038/ks0386s0.wav,3.6109750566893424,ks038,shirt
/srv/scratch/chacmod/OGI/speech/scripted/00/3/ks038/ks0384x0.wav,7.120725623582766,ks038,knights don't get scared of dragons
/srv/scratch/chacmod/OGI/speech/scripted/00/3/ks038/ks038570.wav,6.606349206349206,ks038,don't make the same mistakes twice
/srv/scratch/chacmod/OGI/speech/scripted/00/3/ks038/ks0388h0.wav,3.6113832199546487,ks038,warmth
/srv/scratch/chacmod/OGI/speech/scripted/00/3/ks038/ks0387i0.wav,2.6095238095238096,ks038,subtract
/srv/scratch/chacmod/OGI/speech/scripted/00/3/ks038/ks038530.wav,6.118820861678005,ks038,the bird sang a sweet melody
/srv/scratch/chacmod/OGI/speech/scripted/00/3/ks038/ks0386x0.wav,2.6087074829931973,ks038,six
/srv/scratch/chacmod/OGI/speech/scripted/00/3/ks038/ks0384z0.wav,6.615963718820861,ks038,we should try to save the whales
/srv/scratch/chacmod/OGI/speech/scripted/00/3/ks038/ks038330.wav,3.611201814058957,ks038,one
/srv/scratch/chacmod/OGI/speech/scripted/00/3/ks038/ks038510.wav,7.13047619047619,ks038,it can only be a good circus with elephants
/srv/scratch/chacmod/OGI/speech/scripted/00/3/ks038/ks0383o0.wav,4.126575963718821,ks038,rugby
/srv/scratch/chacmod/OGI/speech/scripted/00/3/ks038/ks0388r0.wav,2.609750566893424,ks038,yankee
/srv/scratch/chacmod/OGI/speech/scripted/00/3/ks038/ks038550.wav,8.123219954648526,ks038,the herd became angry and started a stampede
/srv/scratch/chacmod/OGI/speech/scripted/00/3/ks038/ks0387s0.wav,2.1132879818594104,ks038,thatch
/srv/scratch/chacmod/OGI/speech/scripted/00/3/ks038/ks038820.wav,2.1225850340136057,ks038,trauma
/srv/scratch/chacmod/OGI/speech/scripted/00/0/ks03g/ks03g660.wav,6.606031746031746,ks03g,matthew has a horse from the desert
/srv/scratch/chacmod/OGI/speech/scripted/00/0/ks03g/ks03g6f0.wav,6.615691609977325,ks03g,we watched television during dinner
/srv/scratch/chacmod/OGI/speech/scripted/00/0/ks03g/ks03g000.wav,4.116009070294784,ks03g,advantage
/srv/scratch/chacmod/OGI/speech/scripted/00/0/ks03g/ks03g1o0.wav,3.1141950113378685,ks03g,homemaking
/srv/scratch/chacmod/OGI/speech/scripted/00/0/ks03g/ks03g0p0.wav,3.610476190476191,ks03g,civilized
/srv/scratch/chacmod/OGI/speech/scripted/00/0/ks03g/ks03g2n0.wav,3.6105215419501135,ks03g,nuclear
/srv/scratch/chacmod/OGI/speech/scripted/00/0/ks03g/ks03g1e0.wav,2.1128798185941045,ks03g,five
/srv/scratch/chacmod/OGI/speech/scripted/00/0/ks03g/ks03g2d0.wav,3.113605442176871,ks03g,mohawk
/srv/scratch/chacmod/OGI/speech/scripted/00/0/ks03g/ks03g0f0.wav,2.6096598639455784,ks03g,boomerang
/srv/scratch/chacmod/OGI/speech/scripted/00/0/ks03g/ks03g5m0.wav,7.607755102040817,ks03g,they put my computer next to the books
/srv/scratch/chacmod/OGI/speech/scripted/00/0/ks03g/ks03g1y0.wav,4.115918367346938,ks03g,kingpin
/srv/scratch/chacmod/OGI/speech/scripted/00/0/ks03g/ks03g280.wav,4.116009070294784,ks03g,mcdonald
/srv/scratch/chacmod/OGI/speech/scripted/00/0/ks03g/ks03g3w0.wav,6.1204081632653065,ks03g,the illusion looked like a giraffe
/srv/scratch/chacmod/OGI/speech/scripted/00/0/ks03g/ks03g0z0.wav,3.1146485260770973,ks03g,design
/srv/scratch/chacmod/OGI/speech/scripted/00/0/ks03g/ks03g190.wav,3.611201814058957,ks03g,ethnic
/srv/scratch/chacmod/OGI/speech/scripted/00/0/ks03g/ks03g4v0.wav,6.605714285714286,ks03g,that person eats pancakes
/srv/scratch/chacmod/OGI/speech/scripted/00/0/ks03g/ks03g5x0.wav,6.119455782312925,ks03g,i collect stamps from vietnam
/srv/scratch/chacmod/OGI/speech/scripted/00/0/ks03g/ks03g760.wav,3.1140136054421768,ks03g,spoons
/srv/scratch/chacmod/OGI/speech/scripted/00/0/ks03g/ks03g0u0.wav,4.115646258503402,ks03g,crenshaw
/srv/scratch/chacmod/OGI/speech/scripted/00/0/ks03g/ks03g140.wav,2.6095691609977325,ks03g,easier
/srv/scratch/chacmod/OGI/speech/scripted/00/0/ks03g/ks03g500.wav,6.606167800453515,ks03g,the flood took a car down the street
/srv/scratch/chacmod/OGI/speech/scripted/00/0/ks03g/ks03g050.wav,2.6096598639455784,ks03g,athlete
/srv/scratch/chacmod/OGI/speech/scripted/00/0/ks03g/ks03g230.wav,2.1120181405895693,ks03g,logic
/srv/scratch/chacmod/OGI/speech/scripted/00/0/ks03g/ks03g1t0.wav,2.609251700680272,ks03g,iceberg
/srv/scratch/chacmod/OGI/speech/scripted/00/0/ks03g/ks03g0a0.wav,4.612879818594104,ks03g,behind
/srv/scratch/chacmod/OGI/speech/scripted/00/0/ks03g/ks03g5d0.wav,5.61437641723356,ks03g,mabel grows tomatoes in the courtyard
/srv/scratch/chacmod/OGI/speech/scripted/00/0/ks03g/ks03g540.wav,6.119818594104308,ks03g,grandmother played football last year
/srv/scratch/chacmod/OGI/speech/scripted/00/0/ks03g/ks03g3v0.wav,6.119909297052154,ks03g,the young emperor could not spell
/srv/scratch/chacmod/OGI/speech/scripted/00/0/ks03g/ks03g4k0.wav,6.119319727891156,ks03g,a feather was in the birdcage
/srv/scratch/chacmod/OGI/speech/scripted/00/0/ks03g/ks03g5j0.wav,5.118004535147392,ks03g,will you sing this song
/srv/scratch/chacmod/OGI/speech/scripted/00/0/ks03g/ks03g0k0.wav,3.611201814058957,ks03g,chair
/srv/scratch/chacmod/OGI/speech/scripted/00/0/ks03g/ks03g2i0.wav,3.6107936507936502,ks03g,napkin
/srv/scratch/chacmod/OGI/speech/scripted/00/0/ks03g/ks03g1j0.wav,4.116190476190476,ks03g,gumshoe
/srv/scratch/chacmod/OGI/speech/scripted/00/0/ks03g/ks03g3h0.wav,3.1141043083900226,ks03g,push
/srv/scratch/chacmod/OGI/speech/scripted/00/8/ks033/ks0336j0.wav,4.611836734693878,ks033,we gathered sticks for the fire
/srv/scratch/chacmod/OGI/speech/scripted/00/8/ks033/ks033040.wav,3.610566893424037,ks033,aspire
/srv/scratch/chacmod/OGI/speech/scripted/00/8/ks033/ks033400.wav,4.612199546485261,ks033,greet me with open arms
/srv/scratch/chacmod/OGI/speech/scripted/00/8/ks033/ks0331s0.wav,2.1123356009070293,ks033,humor
/srv/scratch/chacmod/OGI/speech/scripted/00/8/ks033/ks033220.wav,2.608390022675737,ks033,lifeboats
/srv/scratch/chacmod/OGI/speech/scripted/00/8/ks033/ks0330t0.wav,5.118503401360544,ks033,cowboys
/srv/scratch/chacmod/OGI/speech/scripted/00/8/ks033/ks033130.wav,2.6087074829931973,ks033,earthquake
/srv/scratch/chacmod/OGI/speech/scripted/00/8/ks033/ks033310.wav,2.608888888888889,ks033,obvious
/srv/scratch/chacmod/OGI/speech/scripted/00/8/ks033/ks0336n0.wav,5.6145124716553285,ks033,i'm sorry
/srv/scratch/chacmod/OGI/speech/scripted/00/8/ks033/ks0333y0.wav,4.612879818594104,ks033,you didn't arrive too late
/srv/scratch/chacmod/OGI/speech/scripted/00/8/ks033/ks0336l0.wav,7.12063492063492,ks033,my sleeve caught the thorny bush
/srv/scratch/chacmod/OGI/speech/scripted/00/8/ks033/ks0332h0.wav,3.611065759637188,ks033,mutual
/srv/scratch/chacmod/OGI/speech/scripted/00/8/ks033/ks0330j0.wav,2.608888888888889,ks033,cautiously
/srv/scratch/chacmod/OGI/speech/scripted/00/8/ks033/ks0331i0.wav,1.607981859410431,ks033,growl
/srv/scratch/chacmod/OGI/speech/scripted/00/8/ks033/ks0336k0.wav,6.605215419501134,ks033,santa deemed rudolph the leader
/srv/scratch/chacmod/OGI/speech/scripted/00/8/ks033/ks0330y0.wav,3.610022675736961,ks033,depths
/srv/scratch/chacmod/OGI/speech/scripted/00/8/ks033/ks033180.wav,2.6087528344671203,ks033,engrave
/srv/scratch/chacmod/OGI/speech/scripted/00/8/ks033/ks033090.wav,4.115918367346938,ks033,bathe
/srv/scratch/chacmod/OGI/speech/scripted/00/8/ks033/ks0331x0.wav,2.6086621315192744,ks033,jurors
/srv/scratch/chacmod/OGI/speech/scripted/00/8/ks033/ks033270.wav,2.6085714285714285,ks033,mature
/srv/scratch/chacmod/OGI/speech/scripted/00/8/ks033/ks0336o0.wav,7.606893424036281,ks033,someone bought a beautiful ring for you
/srv/scratch/chacmod/OGI/speech/scripted/00/8/ks033/ks033500.wav,6.615918367346938,ks033,the flood took a car down the street
/srv/scratch/chacmod/OGI/speech/scripted/00/8/ks033/ks0331d0.wav,2.113106575963718,ks033,female
/srv/scratch/chacmod/OGI/speech/scripted/00/8/ks033/ks0330e0.wav,3.6108390022675736,ks033,birthmark
/srv/scratch/chacmod/OGI/speech/scripted/00/8/ks033/ks0332c0.wav,4.118321995464853,ks033,misjudged
/srv/scratch/chacmod/OGI/speech/scripted/00/8/ks033/ks033760.wav,3.1151927437641724,ks033,spoons
/srv/scratch/chacmod/OGI/speech/scripted/00/8/ks033/ks0333z0.wav,6.615510204081633,ks033,five people can fit in the elevator
/srv/scratch/chacmod/OGI/speech/scripted/00/8/ks033/ks0336m0.wav,5.614149659863946,ks033,the stove melted the butter
/srv/scratch/chacmod/OGI/speech/scripted/00/8/ks033/ks0333x0.wav,4.612290249433107,ks033,we've had a wonderful night
/srv/scratch/chacmod/OGI/speech/scripted/00/8/ks033/ks0333h0.wav,3.1156009070294783,ks033,push
/srv/scratch/chacmod/OGI/speech/scripted/00/8/ks033/ks0331n0.wav,3.1150113378684807,ks033,herbalist
/srv/scratch/chacmod/OGI/speech/scripted/00/8/ks033/ks0335j0.wav,5.11718820861678,ks033,will you sing this song
/srv/scratch/chacmod/OGI/speech/scripted/00/8/ks033/ks0332m0.wav,3.1151020408163266,ks033,novel
/srv/scratch/chacmod/OGI/speech/scripted/00/8/ks033/ks0330o0.wav,3.610657596371882,ks033,circumstance
/srv/scratch/chacmod/OGI/speech/scripted/00/2/ks008/ks0084r0.wav,7.122312925170068,ks008,you can save water in your bathtub
/srv/scratch/chacmod/OGI/speech/scripted/00/2/ks008/ks0080v0.wav,4.091337868480726,ks008,cross
/srv/scratch/chacmod/OGI/speech/scripted/00/2/ks008/ks008150.wav,3.5903854875283447,ks008,eight
/srv/scratch/chacmod/OGI/speech/scripted/00/2/ks008/ks008060.wav,3.5905668934240365,ks008,average
/srv/scratch/chacmod/OGI/speech/scripted/00/2/ks008/ks0081u0.wav,3.165532879818594,ks008,imagery
/srv/scratch/chacmod/OGI/speech/scripted/00/2/ks008/ks008240.wav,3.5908390022675736,ks008,loyal
/srv/scratch/chacmod/OGI/speech/scripted/00/2/ks008/ks0084n0.wav,5.593832199546485,ks008,the briefcase is open now
/srv/scratch/chacmod/OGI/speech/scripted/00/2/ks008/ks0081a0.wav,2.0885714285714285,ks008,explosion
/srv/scratch/chacmod/OGI/speech/scripted/00/2/ks008/ks0080b0.wav,3.1550113378684808,ks008,beyond
/srv/scratch/chacmod/OGI/speech/scripted/00/2/ks008/ks0084t0.wav,6.591700680272109,ks008,turn the volume on the radio down
/srv/scratch/chacmod/OGI/speech/scripted/00/2/ks008/ks0084p0.wav,6.094829931972789,ks008,the angry chef cooked his vegetables
/srv/scratch/chacmod/OGI/speech/scripted/00/2/ks008/ks0081k0.wav,4.09156462585034,ks008,handshake
/srv/scratch/chacmod/OGI/speech/scripted/00/2/ks008/ks0082j0.wav,4.0915192743764175,ks008,nine
/srv/scratch/chacmod/OGI/speech/scripted/00/2/ks008/ks0080l0.wav,2.614965986394558,ks008,chalk
/srv/scratch/chacmod/OGI/speech/scripted/00/2/ks008/ks0085j0.wav,5.139637188208617,ks008,will you sing this song
/srv/scratch/chacmod/OGI/speech/scripted/00/2/ks008/ks0084s0.wav,6.094331065759637,ks008,who will the soldier vote for
/srv/scratch/chacmod/OGI/speech/scripted/00/2/ks008/ks0082e0.wav,2.615918367346939,ks008,moisture
/srv/scratch/chacmod/OGI/speech/scripted/00/2/ks008/ks0080g0.wav,3.1552834467120183,ks008,breath
/srv/scratch/chacmod/OGI/speech/scripted/00/2/ks008/ks0081f0.wav,3.154829931972789,ks008,flagpole
/srv/scratch/chacmod/OGI/speech/scripted/00/2/ks008/ks0084o0.wav,8.087845804988662,ks008,san diego is very green this year
/srv/scratch/chacmod/OGI/speech/scripted/00/2/ks008/ks0081z0.wav,2.6151020408163266,ks008,lawyer
/srv/scratch/chacmod/OGI/speech/scripted/00/2/ks008/ks008290.wav,3.5908390022675736,ks008,meaningless
/srv/scratch/chacmod/OGI/speech/scripted/00/2/ks008/ks0082y0.wav,3.154965986394558,ks008,oasis
/srv/scratch/chacmod/OGI/speech/scripted/00/2/ks008/ks0084w0.wav,6.095147392290249,ks008,doug thinks he will win the race
/srv/scratch/chacmod/OGI/speech/scripted/00/2/ks008/ks0083h0.wav,3.1632199546485262,ks008,push
/srv/scratch/chacmod/OGI/speech/scripted/00/2/ks008/ks008010.wav,3.590702947845805,ks008,allowing
/srv/scratch/chacmod/OGI/speech/scripted/00/2/ks008/ks0081p0.wav,2.087981859410431,ks008,hoof
/srv/scratch/chacmod/OGI/speech/scripted/00/2/ks008/ks0084m0.wav,5.593832199546485,ks008,pay albert for the fresh water
/srv/scratch/chacmod/OGI/speech/scripted/00/2/ks008/ks0080q0.wav,3.1579138321995464,ks008,cliffhanger
/srv/scratch/chacmod/OGI/speech/scripted/00/2/ks008/ks008100.wav,2.6188208616780044,ks008,digested
/srv/scratch/chacmod/OGI/speech/scripted/00/2/ks008/ks0084u0.wav,6.595600907029478,ks008,stewart has five friends in richmond
/srv/scratch/chacmod/OGI/speech/scripted/00/2/ks008/ks008500.wav,6.592517006802721,ks008,the flood took a car down the street
/srv/scratch/chacmod/OGI/speech/scripted/00/2/ks008/ks0084q0.wav,6.595102040816326,ks008,edgar does not have a job
/srv/scratch/chacmod/OGI/speech/scripted/00/2/ks008/ks008760.wav,3.154512471655329,ks008,spoons
/srv/scratch/chacmod/OGI/speech/scripted/00/4/ks03l/ks03l0w0.wav,2.3141950113378686,ks03l,cultures
/srv/scratch/chacmod/OGI/speech/scripted/00/4/ks03l/ks03l160.wav,4.1184580498866215,ks03l,employees
/srv/scratch/chacmod/OGI/speech/scripted/00/4/ks03l/ks03l1v0.wav,3.1156009070294783,ks03l,interrupt
/srv/scratch/chacmod/OGI/speech/scripted/00/4/ks03l/ks03l250.wav,3.611201814058957,ks03l,lumberyard
/srv/scratch/chacmod/OGI/speech/scripted/00/4/ks03l/ks03l070.wav,3.114829931972789,ks03l,awesome
/srv/scratch/chacmod/OGI/speech/scripted/00/4/ks03l/ks03l5b0.wav,4.6131972789115645,ks03l,our tent can hold six people
/srv/scratch/chacmod/OGI/speech/scripted/00/4/ks03l/ks03l5j0.wav,5.117460317460317,ks03l,will you sing this song
/srv/scratch/chacmod/OGI/speech/scripted/00/4/ks03l/ks03l5f0.wav,5.117732426303855,ks03l,put the key in the key hole
/srv/scratch/chacmod/OGI/speech/scripted/00/4/ks03l/ks03l3h0.wav,3.114149659863945,ks03l,push
/srv/scratch/chacmod/OGI/speech/scripted/00/4/ks03l/ks03l1b0.wav,3.610476190476191,ks03l,faithful
/srv/scratch/chacmod/OGI/speech/scripted/00/4/ks03l/ks03l2a0.wav,3.1142857142857143,ks03l,microwaves
/srv/scratch/chacmod/OGI/speech/scripted/00/4/ks03l/ks03l0c0.wav,3.6103854875283448,ks03l,bigfoot
/srv/scratch/chacmod/OGI/speech/scripted/00/4/ks03l/ks03l5l0.wav,7.1204081632653065,ks03l,why is the earth inside the milky way
/srv/scratch/chacmod/OGI/speech/scripted/00/4/ks03l/ks03l760.wav,3.1142857142857143,ks03l,spoons
/srv/scratch/chacmod/OGI/speech/scripted/00/4/ks03l/ks03l1l0.wav,3.115147392290249,ks03l,hardship
/srv/scratch/chacmod/OGI/speech/scripted/00/4/ks03l/ks03l0m0.wav,3.611292517006803,ks03l,chewy
/srv/scratch/chacmod/OGI/speech/scripted/00/4/ks03l/ks03l2k0.wav,3.114965986394558,ks03l,normal
/srv/scratch/chacmod/OGI/speech/scripted/00/4/ks03l/ks03l500.wav,6.616190476190476,ks03l,the flood took a car down the street
/srv/scratch/chacmod/OGI/speech/scripted/00/4/ks03l/ks03l0h0.wav,3.1146485260770973,ks03l,bronco
/srv/scratch/chacmod/OGI/speech/scripted/00/4/ks03l/ks03l2f0.wav,4.1164625850340135,ks03l,mouths
/srv/scratch/chacmod/OGI/speech/scripted/00/4/ks03l/ks03l5c0.wav,6.119455782312925,ks03l,give keith a moment to think
/srv/scratch/chacmod/OGI/speech/scripted/00/4/ks03l/ks03l1g0.wav,2.1127891156462586,ks03l,four
/srv/scratch/chacmod/OGI/speech/scripted/00/4/ks03l/ks03l5k0.wav,6.6158276643990925,ks03l,buying the ring took all of my money
/srv/scratch/chacmod/OGI/speech/scripted/00/4/ks03l/ks03l2z0.wav,2.926213151927437,ks03l,objected
/srv/scratch/chacmod/OGI/speech/scripted/00/4/ks03l/ks03l5g0.wav,5.117278911564626,ks03l,take off your hat
/srv/scratch/chacmod/OGI/speech/scripted/00/4/ks03l/ks03l5e0.wav,5.614784580498866,ks03l,will you please bathe
/srv/scratch/chacmod/OGI/speech/scripted/00/4/ks03l/ks03l0r0.wav,3.611292517006803,ks03l,concept
/srv/scratch/chacmod/OGI/speech/scripted/00/4/ks03l/ks03l110.wav,2.608979591836735,ks03l,direct
/srv/scratch/chacmod/OGI/speech/scripted/00/4/ks03l/ks03l020.wav,4.612471655328799,ks03l,announce
/srv/scratch/chacmod/OGI/speech/scripted/00/4/ks03l/ks03l1q0.wav,2.608843537414966,ks03l,hopeful
/srv/scratch/chacmod/OGI/speech/scripted/00/4/ks03l/ks03l200.wav,3.610204081632653,ks03l,lengthen
/srv/scratch/chacmod/OGI/speech/scripted/00/4/ks03l/ks03l590.wav,5.614648526077097,ks03l,don't think about it too much
/srv/scratch/chacmod/OGI/speech/scripted/00/4/ks03l/ks03l5i0.wav,4.611655328798186,ks03l,we had a birdseye view
/srv/scratch/chacmod/OGI/speech/scripted/00/4/ks03l/ks03l5a0.wav,6.118911564625851,ks03l,i hope the airplane will get higher
/srv/scratch/chacmod/OGI/speech/scripted/00/3/ks00q/ks00q7n0.wav,5.593877551020408,ks00q,tab
/srv/scratch/chacmod/OGI/speech/scripted/00/3/ks00q/ks00q8m0.wav,2.088888888888889,ks00q,wiseguy
/srv/scratch/chacmod/OGI/speech/scripted/00/3/ks00q/ks00q500.wav,6.593197278911565,ks00q,the flood took a car down the street
/srv/scratch/chacmod/OGI/speech/scripted/00/3/ks00q/ks00q4y0.wav,5.594693877551021,ks00q,your shadow always follows you
/srv/scratch/chacmod/OGI/speech/scripted/00/3/ks00q/ks00q580.wav,5.595192743764172,ks00q,his car thundered down the road
/srv/scratch/chacmod/OGI/speech/scripted/00/3/ks00q/ks00q760.wav,3.1556462585034013,ks00q,spoons
/srv/scratch/chacmod/OGI/speech/scripted/00/3/ks00q/ks00q3j0.wav,2.087981859410431,ks00q,real
/srv/scratch/chacmod/OGI/speech/scripted/00/3/ks00q/ks00q6s0.wav,3.5903854875283447,ks00q,shirt
/srv/scratch/chacmod/OGI/speech/scripted/00/3/ks00q/ks00q720.wav,3.156190476190476,ks00q,snake
/srv/scratch/chacmod/OGI/speech/scripted/00/3/ks00q/ks00q3t0.wav,5.159501133786848,ks00q,screwdriver
/srv/scratch/chacmod/OGI/speech/scripted/00/3/ks00q/ks00q520.wav,3.1560090702947847,ks00q,honey can get sticky
/srv/scratch/chacmod/OGI/speech/scripted/00/3/ks00q/ks00q3d0.wav,2.6174149659863946,ks00q,playhouse
/srv/scratch/chacmod/OGI/speech/scripted/00/3/ks00q/ks00q7x0.wav,2.6155102040816325,ks00q,thursday
/srv/scratch/chacmod/OGI/speech/scripted/00/3/ks00q/ks00q870.wav,3.156780045351474,ks00q,underneath
/srv/scratch/chacmod/OGI/speech/scripted/00/3/ks00q/ks00q780.wav,2.615918367346939,ks00q,squeegee
/srv/scratch/chacmod/OGI/speech/scripted/00/3/ks00q/ks00q5j0.wav,5.1387755102040815,ks00q,will you sing this song
/srv/scratch/chacmod/OGI/speech/scripted/00/3/ks00q/ks00q380.wav,2.6160997732426305,ks00q,pathetic
/srv/scratch/chacmod/OGI/speech/scripted/00/3/ks00q/ks00q560.wav,6.0955102040816325,ks00q,even your ears sweat in a sauna
/srv/scratch/chacmod/OGI/speech/scripted/00/3/ks00q/ks00q8c0.wav,2.0887074829931973,ks00q,upward
/srv/scratch/chacmod/OGI/speech/scripted/00/3/ks00q/ks00q3h0.wav,3.156190476190476,ks00q,push
/srv/scratch/chacmod/OGI/speech/scripted/00/3/ks00q/ks00q7d0.wav,2.614965986394558,ks00q,stooges
/srv/scratch/chacmod/OGI/speech/scripted/00/3/ks00q/ks00q330.wav,3.5905668934240365,ks00q,one
/srv/scratch/chacmod/OGI/speech/scripted/00/3/ks00q/ks00q510.wav,7.132154195011338,ks00q,it can only be a good circus with elephants
/srv/scratch/chacmod/OGI/speech/scripted/00/3/ks00q/ks00q6x0.wav,2.625668934240363,ks00q,six
/srv/scratch/chacmod/OGI/speech/scripted/00/3/ks00q/ks00q4z0.wav,6.622539682539682,ks00q,we should try to save the whales
/srv/scratch/chacmod/OGI/speech/scripted/00/3/ks00q/ks00q8r0.wav,2.626077097505669,ks00q,yankee
/srv/scratch/chacmod/OGI/speech/scripted/00/3/ks00q/ks00q550.wav,8.088707482993197,ks00q,the herd became angry and started a stampede
/srv/scratch/chacmod/OGI/speech/scripted/00/3/ks00q/ks00q7s0.wav,2.088344671201814,ks00q,thatch
/srv/scratch/chacmod/OGI/speech/scripted/00/3/ks00q/ks00q820.wav,2.0877551020408163,ks00q,trauma
/srv/scratch/chacmod/OGI/speech/scripted/00/3/ks00q/ks00q3o0.wav,4.092018140589569,ks00q,rugby
/srv/scratch/chacmod/OGI/speech/scripted/00/3/ks00q/ks00q530.wav,6.094965986394558,ks00q,the bird sang a sweet melody
/srv/scratch/chacmod/OGI/speech/scripted/00/3/ks00q/ks00q7i0.wav,2.625895691609977,ks00q,subtract
/srv/scratch/chacmod/OGI/speech/scripted/00/3/ks00q/ks00q8h0.wav,3.591337868480726,ks00q,warmth
/srv/scratch/chacmod/OGI/speech/scripted/00/3/ks00q/ks00q4x0.wav,7.122312925170068,ks00q,knights don't get scared of dragons
/srv/scratch/chacmod/OGI/speech/scripted/00/3/ks00q/ks00q570.wav,6.592063492063492,ks00q,don't make the same mistakes twice
/srv/scratch/chacmod/OGI/speech/scripted/00/0/ks02s/ks02s0a0.wav,4.612789115646258,ks02s,behind
/srv/scratch/chacmod/OGI/speech/scripted/00/0/ks02s/ks02s3v0.wav,6.11859410430839,ks02s,the young emperor could not spell
/srv/scratch/chacmod/OGI/speech/scripted/00/0/ks02s/ks02s540.wav,6.118503401360544,ks02s,grandmother played football last year
/srv/scratch/chacmod/OGI/speech/scripted/00/0/ks02s/ks02s5d0.wav,5.6145124716553285,ks02s,mabel grows tomatoes in the courtyard
/srv/scratch/chacmod/OGI/speech/scripted/00/0/ks02s/ks02s1t0.wav,2.6097052154195013,ks02s,iceberg
/srv/scratch/chacmod/OGI/speech/scripted/00/0/ks02s/ks02s230.wav,2.1126984126984127,ks02s,logic
/srv/scratch/chacmod/OGI/speech/scripted/00/0/ks02s/ks02s050.wav,2.609160997732426,ks02s,athlete
/srv/scratch/chacmod/OGI/speech/scripted/00/0/ks02s/ks02s500.wav,6.616009070294784,ks02s,the flood took a car down the street
/srv/scratch/chacmod/OGI/speech/scripted/00/0/ks02s/ks02s0u0.wav,4.116145124716553,ks02s,crenshaw
/srv/scratch/chacmod/OGI/speech/scripted/00/0/ks02s/ks02s140.wav,2.6097052154195013,ks02s,easier
/srv/scratch/chacmod/OGI/speech/scripted/00/0/ks02s/ks02s5x0.wav,6.119274376417233,ks02s,i collect stamps from vietnam
/srv/scratch/chacmod/OGI/speech/scripted/00/0/ks02s/ks02s760.wav,3.113877551020408,ks02s,spoons
/srv/scratch/chacmod/OGI/speech/scripted/00/0/ks02s/ks02s0k0.wav,3.611020408163265,ks02s,chair
/srv/scratch/chacmod/OGI/speech/scripted/00/0/ks02s/ks02s2i0.wav,3.611292517006803,ks02s,napkin
/srv/scratch/chacmod/OGI/speech/scripted/00/0/ks02s/ks02s1j0.wav,4.11750566893424,ks02s,gumshoe
/srv/scratch/chacmod/OGI/speech/scripted/00/0/ks02s/ks02s3h0.wav,3.1141043083900226,ks02s,push
/srv/scratch/chacmod/OGI/speech/scripted/00/0/ks02s/ks02s4k0.wav,6.118321995464853,ks02s,a feather was in the birdcage
/srv/scratch/chacmod/OGI/speech/scripted/00/0/ks02s/ks02s5j0.wav,5.120226757369615,ks02s,will you sing this song
/srv/scratch/chacmod/OGI/speech/scripted/00/0/ks02s/ks02s5m0.wav,7.607709750566894,ks02s,they put my computer next to the books
/srv/scratch/chacmod/OGI/speech/scripted/00/0/ks02s/ks02s190.wav,3.611020408163265,ks02s,ethnic
/srv/scratch/chacmod/OGI/speech/scripted/00/0/ks02s/ks02s0z0.wav,3.1137868480725626,ks02s,design
/srv/scratch/chacmod/OGI/speech/scripted/00/0/ks02s/ks02s4v0.wav,6.614829931972789,ks02s,that person eats pancakes
/srv/scratch/chacmod/OGI/speech/scripted/00/0/ks02s/ks02s1y0.wav,4.117097505668935,ks02s,kingpin
/srv/scratch/chacmod/OGI/speech/scripted/00/0/ks02s/ks02s280.wav,4.11718820861678,ks02s,mcdonald
/srv/scratch/chacmod/OGI/speech/scripted/00/0/ks02s/ks02s3w0.wav,6.1190929705215416,ks02s,the illusion looked like a giraffe
/srv/scratch/chacmod/OGI/speech/scripted/00/0/ks02s/ks02s1e0.wav,2.1126984126984127,ks02s,five
/srv/scratch/chacmod/OGI/speech/scripted/00/0/ks02s/ks02s2d0.wav,3.1143310657596373,ks02s,mohawk
/srv/scratch/chacmod/OGI/speech/scripted/00/0/ks02s/ks02s0f0.wav,2.6096598639455784,ks02s,boomerang
/srv/scratch/chacmod/OGI/speech/scripted/00/0/ks02s/ks02s660.wav,6.615691609977325,ks02s,matthew has a horse from the desert
/srv/scratch/chacmod/OGI/speech/scripted/00/0/ks02s/ks02s6f0.wav,6.61609977324263,ks02s,we watched television during dinner
/srv/scratch/chacmod/OGI/speech/scripted/00/0/ks02s/ks02s000.wav,4.12671201814059,ks02s,advantage
/srv/scratch/chacmod/OGI/speech/scripted/00/0/ks02s/ks02s1o0.wav,3.1140136054421768,ks02s,homemaking
/srv/scratch/chacmod/OGI/speech/scripted/00/0/ks02s/ks02s0p0.wav,3.611020408163265,ks02s,civilized
/srv/scratch/chacmod/OGI/speech/scripted/00/0/ks02s/ks02s2n0.wav,3.6103854875283448,ks02s,nuclear
/srv/scratch/chacmod/OGI/speech/scripted/00/5/ks012/ks0123p0.wav,2.090340136054422,ks012,safeway
/srv/scratch/chacmod/OGI/speech/scripted/00/5/ks012/ks0125n0.wav,7.123083900226757,ks012,i like my meat on a cold platter
/srv/scratch/chacmod/OGI/speech/scripted/00/5/ks012/ks0127t0.wav,3.591292517006803,ks012,thousand
/srv/scratch/chacmod/OGI/speech/scripted/00/5/ks012/ks012830.wav,1.7141950113378686,ks012,treasure
/srv/scratch/chacmod/OGI/speech/scripted/00/5/ks012/ks0125v0.wav,7.122267573696145,ks012,you can see bugs light up the sky
/srv/scratch/chacmod/OGI/speech/scripted/00/5/ks012/ks0128s0.wav,1.58702947845805,ks012,yellow
/srv/scratch/chacmod/OGI/speech/scripted/00/5/ks012/ks0126e0.wav,5.593650793650793,ks012,the rain chased the dirt down the drain
/srv/scratch/chacmod/OGI/speech/scripted/00/5/ks012/ks0123h0.wav,3.166031746031746,ks012,push
/srv/scratch/chacmod/OGI/speech/scripted/00/5/ks012/ks012340.wav,4.5994104308390025,ks012,organizations
/srv/scratch/chacmod/OGI/speech/scripted/00/5/ks012/ks0126y0.wav,2.0762811791383218,ks012,slogan
/srv/scratch/chacmod/OGI/speech/scripted/00/5/ks012/ks0125j0.wav,5.1414058956916096,ks012,will you sing this song
/srv/scratch/chacmod/OGI/speech/scripted/00/5/ks012/ks0125p0.wav,5.148843537414966,ks012,pass their notes along
/srv/scratch/chacmod/OGI/speech/scripted/00/5/ks012/ks012500.wav,6.59297052154195,ks012,the flood took a car down the street
/srv/scratch/chacmod/OGI/speech/scripted/00/5/ks012/ks012760.wav,3.157097505668934,ks012,spoons
/srv/scratch/chacmod/OGI/speech/scripted/00/5/ks012/ks0125t0.wav,6.095419501133787,ks012,please offer them a dinner mint
/srv/scratch/chacmod/OGI/speech/scripted/00/5/ks012/ks0128i0.wav,2.614784580498866,ks012,wash
/srv/scratch/chacmod/OGI/speech/scripted/00/5/ks012/ks0127j0.wav,1.977732426303855,ks012,suggest
/srv/scratch/chacmod/OGI/speech/scripted/00/5/ks012/ks0125o0.wav,7.662947845804989,ks012,are zebras just striped horses
/srv/scratch/chacmod/OGI/speech/scripted/00/5/ks012/ks012390.wav,2.0988208616780044,ks012,pathfinder
/srv/scratch/chacmod/OGI/speech/scripted/00/5/ks012/ks0128d0.wav,3.156916099773243,ks012,vase
/srv/scratch/chacmod/OGI/speech/scripted/00/5/ks012/ks0123u0.wav,1.7871655328798186,ks012,seizure
/srv/scratch/chacmod/OGI/speech/scripted/00/5/ks012/ks0125s0.wav,6.094013605442177,ks012,are you sure this is okay
/srv/scratch/chacmod/OGI/speech/scripted/00/5/ks012/ks0123e0.wav,2.6258503401360542,ks012,playoffs
/srv/scratch/chacmod/OGI/speech/scripted/00/5/ks012/ks012790.wav,2.0881632653061226,ks012,starve
/srv/scratch/chacmod/OGI/speech/scripted/00/5/ks012/ks0127y0.wav,3.157641723356009,ks012,toothpaste
/srv/scratch/chacmod/OGI/speech/scripted/00/5/ks012/ks012880.wav,3.5904761904761906,ks012,unfortunate
/srv/scratch/chacmod/OGI/speech/scripted/00/5/ks012/ks0128n0.wav,2.61469387755102,ks012,withdrawn
/srv/scratch/chacmod/OGI/speech/scripted/00/5/ks012/ks0125q0.wav,5.139637188208617,ks012,will beets stain my pants
/srv/scratch/chacmod/OGI/speech/scripted/00/5/ks012/ks0127o0.wav,3.1560090702947847,ks012,technology
/srv/scratch/chacmod/OGI/speech/scripted/00/5/ks012/ks0123k0.wav,2.087845804988662,ks012,red
/srv/scratch/chacmod/OGI/speech/scripted/00/5/ks012/ks0126h0.wav,4.092154195011338,ks012,the speaker boomed from the car
/srv/scratch/chacmod/OGI/speech/scripted/00/5/ks012/ks0126t0.wav,2.0880725623582768,ks012,shock
/srv/scratch/chacmod/OGI/speech/scripted/00/5/ks012/ks012730.wav,3.590521541950113,ks012,soften
/srv/scratch/chacmod/OGI/speech/scripted/00/5/ks012/ks0125u0.wav,5.13891156462585,ks012,could lizards ever talk
/srv/scratch/chacmod/OGI/speech/scripted/00/9/ks02t/ks02t3m0.wav,3.6105215419501135,ks02t,rock
/srv/scratch/chacmod/OGI/speech/scripted/00/9/ks02t/ks02t7q0.wav,2.6087528344671203,ks02t,ten
/srv/scratch/chacmod/OGI/speech/scripted/00/9/ks02t/ks02t800.wav,2.6090702947845803,ks02t,town
/srv/scratch/chacmod/OGI/speech/scripted/00/9/ks02t/ks02t8p0.wav,2.609387755102041,ks02t,wonderful
/srv/scratch/chacmod/OGI/speech/scripted/00/9/ks02t/ks02t480.wav,6.1178231292517005,ks02t,we've just started the egg toss
/srv/scratch/chacmod/OGI/speech/scripted/00/9/ks02t/ks02t750.wav,3.11437641723356,ks02t,southmost
/srv/scratch/chacmod/OGI/speech/scripted/00/9/ks02t/ks02t6v0.wav,2.6087528344671203,ks02t,shortchange
/srv/scratch/chacmod/OGI/speech/scripted/00/9/ks02t/ks02t460.wav,5.614149659863946,ks02t,help me unroll the new rug
/srv/scratch/chacmod/OGI/speech/scripted/00/9/ks02t/ks02t3g0.wav,3.113469387755102,ks02t,punishment
/srv/scratch/chacmod/OGI/speech/scripted/00/9/ks02t/ks02t420.wav,6.119274376417233,ks02t,the cows' hay was not dry yet
/srv/scratch/chacmod/OGI/speech/scripted/00/9/ks02t/ks02t8f0.wav,2.6087074829931973,ks02t,vowel
/srv/scratch/chacmod/OGI/speech/scripted/00/9/ks02t/ks02t7g0.wav,3.113605442176871,ks02t,subdue
/srv/scratch/chacmod/OGI/speech/scripted/00/9/ks02t/ks02t360.wav,3.1141043083900226,ks02t,overreaction
/srv/scratch/chacmod/OGI/speech/scripted/00/9/ks02t/ks02t450.wav,5.614149659863946,ks02t,i'm good with things like that
/srv/scratch/chacmod/OGI/speech/scripted/00/9/ks02t/ks02t7b0.wav,4.612380952380953,ks02t,steamship
/srv/scratch/chacmod/OGI/speech/scripted/00/9/ks02t/ks02t8a0.wav,3.610476190476191,ks02t,unwilling
/srv/scratch/chacmod/OGI/speech/scripted/00/9/ks02t/ks02t500.wav,6.615918367346938,ks02t,the flood took a car down the street
/srv/scratch/chacmod/OGI/speech/scripted/00/9/ks02t/ks02t3r0.wav,2.112154195011338,ks02t,school
/srv/scratch/chacmod/OGI/speech/scripted/00/9/ks02t/ks02t410.wav,5.614104308390023,ks02t,i don't clean windows
/srv/scratch/chacmod/OGI/speech/scripted/00/9/ks02t/ks02t4a0.wav,6.6157823129251705,ks02t,could you pass the other jam please
/srv/scratch/chacmod/OGI/speech/scripted/00/9/ks02t/ks02t760.wav,3.113832199546485,ks02t,spoons
/srv/scratch/chacmod/OGI/speech/scripted/00/9/ks02t/ks02t8u0.wav,2.609024943310658,ks02t,zucchini
/srv/scratch/chacmod/OGI/speech/scripted/00/9/ks02t/ks02t490.wav,5.614285714285714,ks02t,try to lick the lollipop
/srv/scratch/chacmod/OGI/speech/scripted/00/9/ks02t/ks02t7v0.wav,2.112834467120181,ks02t,throughout
/srv/scratch/chacmod/OGI/speech/scripted/00/9/ks02t/ks02t850.wav,2.112063492063492,ks02t,twenty
/srv/scratch/chacmod/OGI/speech/scripted/00/9/ks02t/ks02t8k0.wav,3.114467120181406,ks02t,weatherproof
/srv/scratch/chacmod/OGI/speech/scripted/00/9/ks02t/ks02t7l0.wav,2.609206349206349,ks02t,surround
/srv/scratch/chacmod/OGI/speech/scripted/00/9/ks02t/ks02t470.wav,6.118775510204082,ks02t,the dog is a big
/srv/scratch/chacmod/OGI/speech/scripted/00/9/ks02t/ks02t3h0.wav,3.1132879818594104,ks02t,push
/srv/scratch/chacmod/OGI/speech/scripted/00/9/ks02t/ks02t6q0.wav,1.912517006802721,ks02t,shades
/srv/scratch/chacmod/OGI/speech/scripted/00/9/ks02t/ks02t700.wav,3.316281179138322,ks02t,smoke
/srv/scratch/chacmod/OGI/speech/scripted/00/9/ks02t/ks02t430.wav,4.612789115646258,ks02t,i think cats are cute
/srv/scratch/chacmod/OGI/speech/scripted/00/9/ks02t/ks02t4c0.wav,6.118956916099774,ks02t,charles will sell fifty almonds
/srv/scratch/chacmod/OGI/speech/scripted/00/9/ks02t/ks02t5j0.wav,5.127074829931972,ks02t,will you sing this song
/srv/scratch/chacmod/OGI/speech/scripted/00/5/ks03t/ks03t5j0.wav,5.126394557823129,ks03t,will you sing this song
/srv/scratch/chacmod/OGI/speech/scripted/00/5/ks03t/ks03t6y0.wav,2.112834467120181,ks03t,slogan
/srv/scratch/chacmod/OGI/speech/scripted/00/5/ks03t/ks03t340.wav,4.612607709750567,ks03t,organizations
/srv/scratch/chacmod/OGI/speech/scripted/00/5/ks03t/ks03t5n0.wav,7.120544217687075,ks03t,i like my meat on a cold platter
/srv/scratch/chacmod/OGI/speech/scripted/00/5/ks03t/ks03t3p0.wav,2.1120181405895693,ks03t,safeway
/srv/scratch/chacmod/OGI/speech/scripted/00/5/ks03t/ks03t8s0.wav,1.6076643990929704,ks03t,yellow
/srv/scratch/chacmod/OGI/speech/scripted/00/5/ks03t/ks03t5v0.wav,7.120317460317461,ks03t,you can see bugs light up the sky
/srv/scratch/chacmod/OGI/speech/scripted/00/5/ks03t/ks03t830.wav,1.7128344671201814,ks03t,treasure
/srv/scratch/chacmod/OGI/speech/scripted/00/5/ks03t/ks03t7t0.wav,3.6103854875283448,ks03t,thousand
/srv/scratch/chacmod/OGI/speech/scripted/00/5/ks03t/ks03t3h0.wav,3.123356009070295,ks03t,push
/srv/scratch/chacmod/OGI/speech/scripted/00/5/ks03t/ks03t6e0.wav,5.7103401360544215,ks03t,the rain chased the dirt down the drain
/srv/scratch/chacmod/OGI/speech/scripted/00/5/ks03t/ks03t8i0.wav,2.609387755102041,ks03t,wash
/srv/scratch/chacmod/OGI/speech/scripted/00/5/ks03t/ks03t7j0.wav,1.99859410430839,ks03t,suggest
/srv/scratch/chacmod/OGI/speech/scripted/00/5/ks03t/ks03t5t0.wav,6.118956916099774,ks03t,please offer them a dinner mint
/srv/scratch/chacmod/OGI/speech/scripted/00/5/ks03t/ks03t500.wav,6.605668934240363,ks03t,the flood took a car down the street
/srv/scratch/chacmod/OGI/speech/scripted/00/5/ks03t/ks03t5p0.wav,5.116916099773243,ks03t,pass their notes along
/srv/scratch/chacmod/OGI/speech/scripted/00/5/ks03t/ks03t760.wav,3.1132879818594104,ks03t,spoons
/srv/scratch/chacmod/OGI/speech/scripted/00/5/ks03t/ks03t7y0.wav,3.113605442176871,ks03t,toothpaste
/srv/scratch/chacmod/OGI/speech/scripted/00/5/ks03t/ks03t880.wav,3.611020408163265,ks03t,unfortunate
/srv/scratch/chacmod/OGI/speech/scripted/00/5/ks03t/ks03t790.wav,2.111519274376417,ks03t,starve
/srv/scratch/chacmod/OGI/speech/scripted/00/5/ks03t/ks03t3u0.wav,1.80734693877551,ks03t,seizure
/srv/scratch/chacmod/OGI/speech/scripted/00/5/ks03t/ks03t5s0.wav,6.12952380952381,ks03t,are you sure this is okay
/srv/scratch/chacmod/OGI/speech/scripted/00/5/ks03t/ks03t3e0.wav,2.6104761904761906,ks03t,playoffs
/srv/scratch/chacmod/OGI/speech/scripted/00/5/ks03t/ks03t5o0.wav,7.607210884353742,ks03t,are zebras just striped horses
/srv/scratch/chacmod/OGI/speech/scripted/00/5/ks03t/ks03t390.wav,2.1110204081632653,ks03t,pathfinder
/srv/scratch/chacmod/OGI/speech/scripted/00/5/ks03t/ks03t8d0.wav,3.1137868480725626,ks03t,vase
/srv/scratch/chacmod/OGI/speech/scripted/00/5/ks03t/ks03t5u0.wav,5.1164625850340135,ks03t,could lizards ever talk
/srv/scratch/chacmod/OGI/speech/scripted/00/5/ks03t/ks03t6t0.wav,2.11265306122449,ks03t,shock
/srv/scratch/chacmod/OGI/speech/scripted/00/5/ks03t/ks03t730.wav,3.6107936507936502,ks03t,soften
/srv/scratch/chacmod/OGI/speech/scripted/00/5/ks03t/ks03t5q0.wav,5.113968253968254,ks03t,will beets stain my pants
/srv/scratch/chacmod/OGI/speech/scripted/00/5/ks03t/ks03t7o0.wav,3.1140136054421768,ks03t,technology
/srv/scratch/chacmod/OGI/speech/scripted/00/5/ks03t/ks03t8n0.wav,2.6090702947845803,ks03t,withdrawn
/srv/scratch/chacmod/OGI/speech/scripted/00/5/ks03t/ks03t6h0.wav,4.115283446712018,ks03t,the speaker boomed from the car
/srv/scratch/chacmod/OGI/speech/scripted/00/5/ks03t/ks03t3k0.wav,2.11265306122449,ks03t,red
/srv/scratch/chacmod/OGI/speech/scripted/00/1/ks000/ks000330.wav,2.796326530612245,ks000,one
/srv/scratch/chacmod/OGI/speech/scripted/00/1/ks000/ks0004r0.wav,5.343356009070295,ks000,you can save water in your bathtub
/srv/scratch/chacmod/OGI/speech/scripted/00/1/ks000/ks000510.wav,5.343628117913832,ks000,it can only be a good circus with elephants
/srv/scratch/chacmod/OGI/speech/scripted/00/1/ks000/ks0000v0.wav,3.1551020408163266,ks000,cross
/srv/scratch/chacmod/OGI/speech/scripted/00/1/ks000/ks000150.wav,2.7944671201814058,ks000,eight
/srv/scratch/chacmod/OGI/speech/scripted/00/1/ks000/ks000060.wav,2.7944671201814058,ks000,average
/srv/scratch/chacmod/OGI/speech/scripted/00/1/ks000/ks000240.wav,2.795283446712018,ks000,loyal
/srv/scratch/chacmod/OGI/speech/scripted/00/1/ks000/ks0001u0.wav,2.33859410430839,ks000,imagery
/srv/scratch/chacmod/OGI/speech/scripted/00/1/ks000/ks0006x0.wav,1.9679818594104308,ks000,six
/srv/scratch/chacmod/OGI/speech/scripted/00/1/ks000/ks0004z0.wav,4.968253968253968,ks000,we should try to save the whales
/srv/scratch/chacmod/OGI/speech/scripted/00/1/ks000/ks0008r0.wav,1.9682086167800452,ks000,yankee
/srv/scratch/chacmod/OGI/speech/scripted/00/1/ks000/ks000550.wav,6.095283446712018,ks000,the herd became angry and started a stampede
/srv/scratch/chacmod/OGI/speech/scripted/00/1/ks000/ks0007s0.wav,1.5875736961451248,ks000,thatch
/srv/scratch/chacmod/OGI/speech/scripted/00/1/ks000/ks000820.wav,1.5877551020408165,ks000,trauma
/srv/scratch/chacmod/OGI/speech/scripted/00/1/ks000/ks0001a0.wav,1.587845804988662,ks000,explosion
/srv/scratch/chacmod/OGI/speech/scripted/00/1/ks000/ks0000b0.wav,2.3390022675736963,ks000,beyond
/srv/scratch/chacmod/OGI/speech/scripted/00/1/ks000/ks0003o0.wav,3.15578231292517,ks000,rugby
/srv/scratch/chacmod/OGI/speech/scripted/00/1/ks000/ks0004n0.wav,4.239138321995465,ks000,the briefcase is open now
/srv/scratch/chacmod/OGI/speech/scripted/00/1/ks000/ks0004t0.wav,4.968072562358277,ks000,turn the volume on the radio down
/srv/scratch/chacmod/OGI/speech/scripted/00/1/ks000/ks000530.wav,4.59750566893424,ks000,the bird sang a sweet melody
/srv/scratch/chacmod/OGI/speech/scripted/00/1/ks000/ks0007i0.wav,1.9678458049886625,ks000,subtract
/srv/scratch/chacmod/OGI/speech/scripted/00/1/ks000/ks0008h0.wav,2.796281179138322,ks000,warmth
/srv/scratch/chacmod/OGI/speech/scripted/00/1/ks000/ks000570.wav,4.978140589569161,ks000,don't make the same mistakes twice
/srv/scratch/chacmod/OGI/speech/scripted/00/1/ks000/ks0004x0.wav,5.344036281179139,ks000,knights don't get scared of dragons
/srv/scratch/chacmod/OGI/speech/scripted/00/1/ks000/ks0001k0.wav,3.153832199546485,ks000,handshake
/srv/scratch/chacmod/OGI/speech/scripted/00/1/ks000/ks0002j0.wav,3.154829931972789,ks000,nine
/srv/scratch/chacmod/OGI/speech/scripted/00/1/ks000/ks0000l0.wav,1.968344671201814,ks000,chalk
/srv/scratch/chacmod/OGI/speech/scripted/00/1/ks000/ks0002r0.wav,6.094603174603175,ks000,two six four zero two four six
/srv/scratch/chacmod/OGI/speech/scripted/00/1/ks000/ks0004p0.wav,4.598956916099773,ks000,the angry chef cooked his vegetables
/srv/scratch/chacmod/OGI/speech/scripted/00/1/ks000/ks0003t0.wav,3.8769614512471655,ks000,screwdriver
/srv/scratch/chacmod/OGI/speech/scripted/00/1/ks000/ks0004s0.wav,4.596961451247165,ks000,who will the soldier vote for
/srv/scratch/chacmod/OGI/speech/scripted/00/1/ks000/ks000520.wav,2.3389569160997734,ks000,honey can get sticky
/srv/scratch/chacmod/OGI/speech/scripted/00/1/ks000/ks0002e0.wav,1.9682086167800452,ks000,moisture
/srv/scratch/chacmod/OGI/speech/scripted/00/1/ks000/ks0000g0.wav,2.3391383219954647,ks000,breath
/srv/scratch/chacmod/OGI/speech/scripted/00/1/ks000/ks0003d0.wav,1.9692063492063487,ks000,playhouse
/srv/scratch/chacmod/OGI/speech/scripted/00/1/ks000/ks0001f0.wav,2.3387755102040817,ks000,flagpole
/srv/scratch/chacmod/OGI/speech/scripted/00/1/ks000/ks0007x0.wav,1.9684807256235828,ks000,thursday
/srv/scratch/chacmod/OGI/speech/scripted/00/1/ks000/ks000870.wav,2.338276643990929,ks000,underneath
/srv/scratch/chacmod/OGI/speech/scripted/00/1/ks000/ks000780.wav,1.9684807256235828,ks000,squeegee
/srv/scratch/chacmod/OGI/speech/scripted/00/1/ks000/ks0005j0.wav,3.8757823129251694,ks000,will you sing this song
/srv/scratch/chacmod/OGI/speech/scripted/00/1/ks000/ks0001z0.wav,1.9677551020408164,ks000,lawyer
/srv/scratch/chacmod/OGI/speech/scripted/00/1/ks000/ks000290.wav,2.793877551020408,ks000,meaningless
/srv/scratch/chacmod/OGI/speech/scripted/00/1/ks000/ks0002y0.wav,2.338140589569161,ks000,oasis
/srv/scratch/chacmod/OGI/speech/scripted/00/1/ks000/ks000380.wav,1.9684807256235828,ks000,pathetic
/srv/scratch/chacmod/OGI/speech/scripted/00/1/ks000/ks000560.wav,4.647528344671202,ks000,even your ears sweat in a sauna
/srv/scratch/chacmod/OGI/speech/scripted/00/1/ks000/ks0004w0.wav,4.608027210884353,ks000,doug thinks he will win the race
/srv/scratch/chacmod/OGI/speech/scripted/00/1/ks000/ks0008c0.wav,1.587891156462585,ks000,upward
/srv/scratch/chacmod/OGI/speech/scripted/00/1/ks000/ks0003h0.wav,2.3388208616780046,ks000,push
/srv/scratch/chacmod/OGI/speech/scripted/00/1/ks000/ks0007d0.wav,1.967891156462585,ks000,stooges
/srv/scratch/chacmod/OGI/speech/scripted/00/1/ks000/ks0004o0.wav,6.095192743764172,ks000,san diego is very green this year
/srv/scratch/chacmod/OGI/speech/scripted/00/1/ks000/ks0004u0.wav,4.970884353741496,ks000,stewart has five friends in richmond
/srv/scratch/chacmod/OGI/speech/scripted/00/1/ks000/ks0006s0.wav,2.7960997732426303,ks000,shirt
/srv/scratch/chacmod/OGI/speech/scripted/00/1/ks000/ks000720.wav,2.3390929705215417,ks000,snake
/srv/scratch/chacmod/OGI/speech/scripted/00/1/ks000/ks0004m0.wav,4.2477097505668935,ks000,pay albert for the fresh water
/srv/scratch/chacmod/OGI/speech/scripted/00/1/ks000/ks0000q0.wav,2.3390929705215417,ks000,cliffhanger
/srv/scratch/chacmod/OGI/speech/scripted/00/1/ks000/ks000100.wav,1.9680725623582769,ks000,digested
/srv/scratch/chacmod/OGI/speech/scripted/00/1/ks000/ks0001p0.wav,1.587845804988662,ks000,hoof
/srv/scratch/chacmod/OGI/speech/scripted/00/1/ks000/ks000010.wav,2.7944671201814058,ks000,allowing
/srv/scratch/chacmod/OGI/speech/scripted/00/1/ks000/ks000580.wav,4.237959183673469,ks000,his car thundered down the road
/srv/scratch/chacmod/OGI/speech/scripted/00/1/ks000/ks0004y0.wav,4.237324263038548,ks000,your shadow always follows you
/srv/scratch/chacmod/OGI/speech/scripted/00/1/ks000/ks000760.wav,2.3387755102040817,ks000,spoons
/srv/scratch/chacmod/OGI/speech/scripted/00/1/ks000/ks0003j0.wav,1.587845804988662,ks000,real
/srv/scratch/chacmod/OGI/speech/scripted/00/1/ks000/ks0008m0.wav,1.587845804988662,ks000,wiseguy
/srv/scratch/chacmod/OGI/speech/scripted/00/1/ks000/ks0004q0.wav,4.9681632653061225,ks000,edgar does not have a job
/srv/scratch/chacmod/OGI/speech/scripted/00/1/ks000/ks000500.wav,4.967709750566893,ks000,the flood took a car down the street
/srv/scratch/chacmod/OGI/speech/scripted/00/1/ks000/ks0002s0.wav,6.8461678004535145,ks000,nine nine six nine six one zero
/srv/scratch/chacmod/OGI/speech/scripted/00/1/ks000/ks0007n0.wav,4.238412698412699,ks000,tab
