filepath,duration,speaker_id,transcription,audio_id
/srv/scratch/speechdata/speech-corpora/AusTalk/speakers/speakers/4_285/story/4_285_1_3_004-ch6-speaker16.wav,27.30671201814059,4_285,A LITTLE LATER ON IN THE EVENING THEY CAME BACK HAVING FOUND AN OLD FASHIONED BARN NEAR A STONE HOUSE WHERE THERE WOULD BE ROOM BOARD AND FOOD FOR ALL OF THEM THERE THEY SAW A KINDLY MARE NAMED ALBERTA A COW AND SOME BIRDS IN THE GARDEN WITH AN ELM TREE IN THE MIDDLE THE LEADER GAVE THE ORDER AT ONCE COMPANY FALL IN THE RATS CRAWLED OUT OF THEIR HOLES RIGHT AWAY AND THE SAD MOB STOOD ON THE FLOOR IN A LONG LINE,4_285-4_285_1_3_004
/srv/scratch/speechdata/speech-corpora/AusTalk/speakers/speakers/2_1333/story/2_1333_1_3_004-ch6-speaker16.wav,29.814467120181405,2_1333,A LITTLE LATER ON IN THE EVENING THEY CAME BACK HAVING FOUND AN OLD FASHIONED BARN NEAR A STONE HOUSE WHERE THERE WOULD BE ROOM BOARD AND FOOD FOR ALL OF THEM THERE THEY SAW A KINDLY MARE NAMED ALBERTA A COW AND SOME BIRDS IN THE GARDEN WITH AN ELM TREE IN THE MIDDLE THE LEADER GAVE THE ORDER AT ONCE COMPANY FALL IN THE RATS CRAWLED OUT OF THEIR HOLES RIGHT AWAY AND THE SAD MOB STOOD ON THE FLOOR IN A LONG LINE,2_1333-2_1333_1_3_004
/srv/scratch/speechdata/speech-corpora/AusTalk/speakers/speakers/1_65/story/1_65_1_3_004-ch6-speaker16.wav,28.23546485260771,1_65,A LITTLE LATER ON IN THE EVENING THEY CAME BACK HAVING FOUND AN OLD FASHIONED BARN NEAR A STONE HOUSE WHERE THERE WOULD BE ROOM BOARD AND FOOD FOR ALL OF THEM THERE THEY SAW A KINDLY MARE NAMED ALBERTA A COW AND SOME BIRDS IN THE GARDEN WITH AN ELM TREE IN THE MIDDLE THE LEADER GAVE THE ORDER AT ONCE COMPANY FALL IN THE RATS CRAWLED OUT OF THEIR HOLES RIGHT AWAY AND THE SAD MOB STOOD ON THE FLOOR IN A LONG LINE,1_65-1_65_1_3_004
/srv/scratch/speechdata/speech-corpora/AusTalk/speakers/speakers/3_555/sentences/3_555_2_16_050-ch6-speaker16.wav,5.75859410430839,3_555,A SQUIRT OF THIS OINTMENT WILL SOOTHE THE GRAZE ON YOUR HEEL,3_555-3_555_2_16_050
/srv/scratch/speechdata/speech-corpora/AusTalk/speakers/speakers/2_163/sentences/2_163_2_16_050-ch6-speaker16.wav,5.015510204081632,2_163,A SQUIRT OF THIS OINTMENT WILL SOOTHE THE GRAZE ON YOUR HEEL,2_163-2_163_2_16_050
/srv/scratch/speechdata/speech-corpora/AusTalk/speakers/speakers/2_389/sentences/2_389_2_16_050-ch6-speaker16.wav,3.993832199546485,2_389,A SQUIRT OF THIS OINTMENT WILL SOOTHE THE GRAZE ON YOUR HEEL,2_389-2_389_2_16_050
/srv/scratch/speechdata/speech-corpora/AusTalk/speakers/speakers/1_195/sentences/1_195_2_16_011-ch6-speaker16.wav,7.05891156462585,1_195,ACTUALLY I'LL HEDGE MY BETS AND TAKE NO RISKS ON THIS FLUTTER,1_195-1_195_2_16_011
/srv/scratch/speechdata/speech-corpora/AusTalk/speakers/speakers/2_214/sentences/2_214_2_16_011-ch6-speaker16.wav,5.294149659863946,2_214,ACTUALLY I'LL HEDGE MY BETS AND TAKE NO RISKS ON THIS FLUTTER,2_214-2_214_2_16_011
/srv/scratch/speechdata/speech-corpora/AusTalk/speakers/speakers/2_965/sentences/2_965_2_16_011-ch6-speaker16.wav,4.551156462585034,2_965,ACTUALLY I'LL HEDGE MY BETS AND TAKE NO RISKS ON THIS FLUTTER,2_965-2_965_2_16_011
/srv/scratch/speechdata/speech-corpora/AusTalk/speakers/speakers/2_208/sentences/2_208_2_16_057-ch6-speaker16.wav,5.572834467120181,2_208,AFTER A GAFFE LIKE THAT IT IS FUTILE TO OFFER ANY FURTHER RESISTANCE ISN'T IT,2_208-2_208_2_16_057
/srv/scratch/speechdata/speech-corpora/AusTalk/speakers/speakers/4_1018/sentences/4_1018_2_16_057-ch6-speaker16.wav,3.343718820861678,4_1018,AFTER A GAFFE LIKE THAT IT IS FUTILE TO OFFER ANY FURTHER RESISTANCE ISN'T IT,4_1018-4_1018_2_16_057
/srv/scratch/speechdata/speech-corpora/AusTalk/speakers/speakers/1_1021/sentences/1_1021_2_16_057-ch6-speaker16.wav,9.102267573696144,1_1021,AFTER A GAFFE LIKE THAT IT IS FUTILE TO OFFER ANY FURTHER RESISTANCE ISN'T IT,1_1021-1_1021_2_16_057
/srv/scratch/speechdata/speech-corpora/AusTalk/speakers/speakers/3_404/sentences/3_404_2_16_012-ch6-speaker16.wav,3.715192743764173,3_404,ALAN TOOK A HAM SANDWICH TO SCHOOL,3_404-3_404_2_16_012
/srv/scratch/speechdata/speech-corpora/AusTalk/speakers/speakers/2_686/sentences/2_686_2_16_012-ch6-speaker16.wav,3.900952380952381,2_686,ALAN TOOK A HAM SANDWICH TO SCHOOL,2_686-2_686_2_16_012
/srv/scratch/speechdata/speech-corpora/AusTalk/speakers/speakers/3_157/sentences/3_157_2_16_012-ch6-speaker16.wav,2.6006349206349206,3_157,ALAN TOOK A HAM SANDWICH TO SCHOOL,3_157-3_157_2_16_012
/srv/scratch/speechdata/speech-corpora/AusTalk/speakers/speakers/1_713/sentences/1_713_2_16_031-ch6-speaker16.wav,5.108390022675737,1_713,AMONGST HER FRIENDS AT THE GLEBE BATHS SHE WAS CONSIDERED BEAUTIFUL,1_713-1_713_2_16_031
/srv/scratch/speechdata/speech-corpora/AusTalk/speakers/speakers/1_245/sentences/1_245_2_16_031-ch6-speaker16.wav,7.430385487528345,1_245,AMONGST HER FRIENDS AT THE GLEBE BATHS SHE WAS CONSIDERED BEAUTIFUL,1_245-1_245_2_16_031
/srv/scratch/speechdata/speech-corpora/AusTalk/speakers/speakers/1_996/sentences/1_996_2_16_031-ch6-speaker16.wav,4.365396825396825,1_996,AMONGST HER FRIENDS AT THE GLEBE BATHS SHE WAS CONSIDERED BEAUTIFUL,1_996-1_996_2_16_031
/srv/scratch/speechdata/speech-corpora/AusTalk/speakers/speakers/2_483/sentences/2_483_2_16_052-ch6-speaker16.wav,4.829750566893424,2_483,APPARENTLY BULLDOG TERRIERS YAP ALMOST AS MUCH AS CHOWS,2_483-2_483_2_16_052
/srv/scratch/speechdata/speech-corpora/AusTalk/speakers/speakers/2_1143/sentences/2_1143_2_16_052-ch6-speaker16.wav,4.179591836734694,2_1143,APPARENTLY BULLDOG TERRIERS YAP ALMOST AS MUCH AS CHOWS,2_1143-2_1143_2_16_052
/srv/scratch/speechdata/speech-corpora/AusTalk/speakers/speakers/1_417/sentences/1_417_2_16_052-ch6-speaker16.wav,4.6440362811791385,1_417,APPARENTLY BULLDOG TERRIERS YAP ALMOST AS MUCH AS CHOWS,1_417-1_417_2_16_052
/srv/scratch/speechdata/speech-corpora/AusTalk/speakers/speakers/1_369/sentences/1_369_2_16_037-ch6-speaker16.wav,5.108390022675737,1_369,BILL COULD HAVE SAT ON THE TRAIN LIKE A ZOMBIE BUT CHOSE TO STAND,1_369-1_369_2_16_037
/srv/scratch/speechdata/speech-corpora/AusTalk/speakers/speakers/4_1145/sentences/4_1145_2_16_037-ch6-speaker16.wav,3.622312925170068,4_1145,BILL COULD HAVE SAT ON THE TRAIN LIKE A ZOMBIE BUT CHOSE TO STAND,4_1145-4_1145_2_16_037
/srv/scratch/speechdata/speech-corpora/AusTalk/speakers/speakers/4_128/sentences/4_128_2_16_037-ch6-speaker16.wav,5.294149659863946,4_128,BILL COULD HAVE SAT ON THE TRAIN LIKE A ZOMBIE BUT CHOSE TO STAND,4_128-4_128_2_16_037
/srv/scratch/speechdata/speech-corpora/AusTalk/speakers/speakers/4_1005/story/4_1005_1_3_007-ch6-speaker16.wav,34.36557823129252,4_1005,BUT DURING THE NIGHT THERE WAS A BIG CRASH DOWN CAME BEAMS RAFTERS JOISTS THE WHOLE BUSINESS IN A PILE OF RUBBLE NEXT MORNING THERE WAS A FOGGY DEW SOME BOYS AND GIRLS RAN TO THE BARN AND A MAN IN BOOTS CAME TO VIEW THE DAMAGE IT SEEMED ODD THAT THE OLD BUILDING WAS NOT HAUNTED BY RATS BUT AT LAST ONE OF THE CHILDREN HAPPENED TO NUDGE A BOARD AND HE SAW A PUNY RAT QUITE DEAD TAIL HALF IN AND HALF OUT OF HIS HOLE THUS THE COWARD GOT HIS DUE AND THERE WAS NO MOURNING FOR HIM,4_1005-4_1005_1_3_007
/srv/scratch/speechdata/speech-corpora/AusTalk/speakers/speakers/1_1314/story/1_1314_1_3_007-ch6-speaker16.wav,51.2697052154195,1_1314,BUT DURING THE NIGHT THERE WAS A BIG CRASH DOWN CAME BEAMS RAFTERS JOISTS THE WHOLE BUSINESS IN A PILE OF RUBBLE NEXT MORNING THERE WAS A FOGGY DEW SOME BOYS AND GIRLS RAN TO THE BARN AND A MAN IN BOOTS CAME TO VIEW THE DAMAGE IT SEEMED ODD THAT THE OLD BUILDING WAS NOT HAUNTED BY RATS BUT AT LAST ONE OF THE CHILDREN HAPPENED TO NUDGE A BOARD AND HE SAW A PUNY RAT QUITE DEAD TAIL HALF IN AND HALF OUT OF HIS HOLE THUS THE COWARD GOT HIS DUE AND THERE WAS NO MOURNING FOR HIM,1_1314-1_1314_1_3_007
/srv/scratch/speechdata/speech-corpora/AusTalk/speakers/speakers/2_1112/story/2_1112_1_3_007-ch6-speaker16.wav,47.55446712018141,2_1112,BUT DURING THE NIGHT THERE WAS A BIG CRASH DOWN CAME BEAMS RAFTERS JOISTS THE WHOLE BUSINESS IN A PILE OF RUBBLE NEXT MORNING THERE WAS A FOGGY DEW SOME BOYS AND GIRLS RAN TO THE BARN AND A MAN IN BOOTS CAME TO VIEW THE DAMAGE IT SEEMED ODD THAT THE OLD BUILDING WAS NOT HAUNTED BY RATS BUT AT LAST ONE OF THE CHILDREN HAPPENED TO NUDGE A BOARD AND HE SAW A PUNY RAT QUITE DEAD TAIL HALF IN AND HALF OUT OF HIS HOLE THUS THE COWARD GOT HIS DUE AND THERE WAS NO MOURNING FOR HIM,2_1112-2_1112_1_3_007
/srv/scratch/speechdata/speech-corpora/AusTalk/speakers/speakers/1_832/sentences/1_832_2_16_033-ch6-speaker16.wav,6.501587301587302,1_832,DON'T BREATHE A WORD OF THIS BUT THE TOPIC OF JEFF'S SPEECH IS BEGINNING TO ANNOY ME,1_832-1_832_2_16_033
/srv/scratch/speechdata/speech-corpora/AusTalk/speakers/speakers/4_797/sentences/4_797_2_16_033-ch6-speaker16.wav,6.130068027210885,4_797,DON'T BREATHE A WORD OF THIS BUT THE TOPIC OF JEFF'S SPEECH IS BEGINNING TO ANNOY ME,4_797-4_797_2_16_033
/srv/scratch/speechdata/speech-corpora/AusTalk/speakers/speakers/2_820/sentences/2_820_2_16_033-ch6-speaker16.wav,6.408707482993197,2_820,DON'T BREATHE A WORD OF THIS BUT THE TOPIC OF JEFF'S SPEECH IS BEGINNING TO ANNOY ME,2_820-2_820_2_16_033
/srv/scratch/speechdata/speech-corpora/AusTalk/speakers/speakers/4_864/sentences/4_864_2_16_041-ch6-speaker16.wav,5.6657142857142855,4_864,DON'T YOU THINK HER EVENING GOWN WAS A TRIFLE TOO GARISH FOR THE OCCASION,4_864-4_864_2_16_041
/srv/scratch/speechdata/speech-corpora/AusTalk/speakers/speakers/3_709/sentences/3_709_2_16_041-ch6-speaker16.wav,5.4799546485260775,3_709,DON'T YOU THINK HER EVENING GOWN WAS A TRIFLE TOO GARISH FOR THE OCCASION,3_709-3_709_2_16_041
/srv/scratch/speechdata/speech-corpora/AusTalk/speakers/speakers/4_167/sentences/4_167_2_16_041-ch6-speaker16.wav,5.944353741496599,4_167,DON'T YOU THINK HER EVENING GOWN WAS A TRIFLE TOO GARISH FOR THE OCCASION,4_167-4_167_2_16_041
/srv/scratch/speechdata/speech-corpora/AusTalk/speakers/speakers/3_833/sentences/3_833_2_16_054-ch6-speaker16.wav,6.222947845804988,3_833,ENJOYING HER FREEDOM AMELIA WENT TO THE ZOO AND SAW A RARE GIANT SLOTH,3_833-3_833_2_16_054
/srv/scratch/speechdata/speech-corpora/AusTalk/speakers/speakers/4_441/sentences/4_441_2_16_054-ch6-speaker16.wav,5.944353741496599,4_441,ENJOYING HER FREEDOM AMELIA WENT TO THE ZOO AND SAW A RARE GIANT SLOTH,4_441-4_441_2_16_054
/srv/scratch/speechdata/speech-corpora/AusTalk/speakers/speakers/2_959/sentences/2_959_2_16_054-ch6-speaker16.wav,7.894829931972789,2_959,ENJOYING HER FREEDOM AMELIA WENT TO THE ZOO AND SAW A RARE GIANT SLOTH,2_959-2_959_2_16_054
/srv/scratch/speechdata/speech-corpora/AusTalk/speakers/speakers/1_1111/sentences/1_1111_2_16_001-ch6-speaker16.wav,5.294149659863946,1_1111,HE FLEW ROUND IN AN INSTANT TO LOOK HIS ATTACKER SQUARE IN THE EYE,1_1111-1_1111_2_16_001
/srv/scratch/speechdata/speech-corpora/AusTalk/speakers/speakers/4_1018/sentences/4_1018_2_16_001-ch6-speaker16.wav,1.6718367346938776,4_1018,HE FLEW ROUND IN AN INSTANT TO LOOK HIS ATTACKER SQUARE IN THE EYE,4_1018-4_1018_2_16_001
/srv/scratch/speechdata/speech-corpora/AusTalk/speakers/speakers/4_591/sentences/4_591_2_16_001-ch6-speaker16.wav,3.5294784580498866,4_591,HE FLEW ROUND IN AN INSTANT TO LOOK HIS ATTACKER SQUARE IN THE EYE,4_591-4_591_2_16_001
/srv/scratch/speechdata/speech-corpora/AusTalk/speakers/speakers/3_1011/sentences/3_1011_2_16_042-ch6-speaker16.wav,5.851473922902494,3_1011,HE GLIMPSED THE BADGE OF THE TRAFFIC COP OUT OF THE CORNER OF HIS EYE,3_1011-3_1011_2_16_042
/srv/scratch/speechdata/speech-corpora/AusTalk/speakers/speakers/1_503/sentences/1_503_2_16_042-ch6-speaker16.wav,6.594467120181406,1_503,HE GLIMPSED THE BADGE OF THE TRAFFIC COP OUT OF THE CORNER OF HIS EYE,1_503-1_503_2_16_042
/srv/scratch/speechdata/speech-corpora/AusTalk/speakers/speakers/2_1165/sentences/2_1165_2_16_042-ch6-speaker16.wav,6.408707482993197,2_1165,HE GLIMPSED THE BADGE OF THE TRAFFIC COP OUT OF THE CORNER OF HIS EYE,2_1165-2_1165_2_16_042
/srv/scratch/speechdata/speech-corpora/AusTalk/speakers/speakers/4_68/sentences/4_68_2_16_043-ch6-speaker16.wav,4.179591836734694,4_68,HE GRABBED A TOWEL AND THEN ANSWERED THE PHONE BY THE CLOCK,4_68-4_68_2_16_043
/srv/scratch/speechdata/speech-corpora/AusTalk/speakers/speakers/1_1294/sentences/1_1294_2_16_043-ch6-speaker16.wav,3.715192743764173,1_1294,HE GRABBED A TOWEL AND THEN ANSWERED THE PHONE BY THE CLOCK,1_1294-1_1294_2_16_043
/srv/scratch/speechdata/speech-corpora/AusTalk/speakers/speakers/2_86/sentences/2_86_2_16_043-ch6-speaker16.wav,6.873151927437641,2_86,HE GRABBED A TOWEL AND THEN ANSWERED THE PHONE BY THE CLOCK,2_86-2_86_2_16_043
/srv/scratch/speechdata/speech-corpora/AusTalk/speakers/speakers/1_192/sentences/1_192_2_16_006-ch6-speaker16.wav,5.4799546485260775,1_192,HE HURLED SEVERAL STONES FROM THE BRIDGE WHILST I QUICKLY RAN FOR COVER,1_192-1_192_2_16_006
/srv/scratch/speechdata/speech-corpora/AusTalk/speakers/speakers/1_932/sentences/1_932_2_16_006-ch6-speaker16.wav,4.829750566893424,1_932,HE HURLED SEVERAL STONES FROM THE BRIDGE WHILST I QUICKLY RAN FOR COVER,1_932-1_932_2_16_006
/srv/scratch/speechdata/speech-corpora/AusTalk/speakers/speakers/4_288/sentences/4_288_2_16_006-ch6-speaker16.wav,5.294149659863946,4_288,HE HURLED SEVERAL STONES FROM THE BRIDGE WHILST I QUICKLY RAN FOR COVER,4_288-4_288_2_16_006
/srv/scratch/speechdata/speech-corpora/AusTalk/speakers/speakers/4_172/sentences/4_172_2_16_016-ch6-speaker16.wav,7.151791383219955,4_172,HELEN PICKED A GOOD SPOT NEAR THE WATER AND SPENT THE MORNING SURFING AND RELAXING IN THE SUN,4_172-4_172_2_16_016
/srv/scratch/speechdata/speech-corpora/AusTalk/speakers/speakers/2_852/sentences/2_852_2_16_016-ch6-speaker16.wav,6.687392290249433,2_852,HELEN PICKED A GOOD SPOT NEAR THE WATER AND SPENT THE MORNING SURFING AND RELAXING IN THE SUN,2_852-2_852_2_16_016
/srv/scratch/speechdata/speech-corpora/AusTalk/speakers/speakers/2_170/sentences/2_170_2_16_016-ch6-speaker16.wav,5.294149659863946,2_170,HELEN PICKED A GOOD SPOT NEAR THE WATER AND SPENT THE MORNING SURFING AND RELAXING IN THE SUN,2_170-2_170_2_16_016
/srv/scratch/speechdata/speech-corpora/AusTalk/speakers/speakers/4_934/sentences/4_934_2_16_027-ch6-speaker16.wav,3.808072562358277,4_934,I SAID SHE COULDN'T DO IT BUT SHE CAN,4_934-4_934_2_16_027
/srv/scratch/speechdata/speech-corpora/AusTalk/speakers/speakers/1_942/sentences/1_942_2_16_027-ch6-speaker16.wav,3.2508390022675737,1_942,I SAID SHE COULDN'T DO IT BUT SHE CAN,1_942-1_942_2_16_027
/srv/scratch/speechdata/speech-corpora/AusTalk/speakers/speakers/3_71/sentences/3_71_2_16_027-ch6-speaker16.wav,3.343718820861678,3_71,I SAID SHE COULDN'T DO IT BUT SHE CAN,3_71-3_71_2_16_027
/srv/scratch/speechdata/speech-corpora/AusTalk/speakers/speakers/2_141/story/2_141_1_3_006-ch6-speaker16.wav,18.297324263038547,2_141,I THINK I'LL GO TOMORROW HE SAID TO HIMSELF BUT THEN AGAIN PERHAPS I WON'T IT'S SO NICE AND SNUG HERE I GUESS I'LL GO BACK TO MY HOLE UNDER THE LOG FOR A WHILE BEFORE I MAKE UP MY MIND,2_141-2_141_1_3_006
/srv/scratch/speechdata/speech-corpora/AusTalk/speakers/speakers/2_241/story/2_241_1_3_006-ch6-speaker16.wav,12.910340136054424,2_241,I THINK I'LL GO TOMORROW HE SAID TO HIMSELF BUT THEN AGAIN PERHAPS I WON'T IT'S SO NICE AND SNUG HERE I GUESS I'LL GO BACK TO MY HOLE UNDER THE LOG FOR A WHILE BEFORE I MAKE UP MY MIND,2_241-2_241_1_3_006
/srv/scratch/speechdata/speech-corpora/AusTalk/speakers/speakers/2_271/story/2_271_1_3_006-ch6-speaker16.wav,13.281814058956916,2_271,I THINK I'LL GO TOMORROW HE SAID TO HIMSELF BUT THEN AGAIN PERHAPS I WON'T IT'S SO NICE AND SNUG HERE I GUESS I'LL GO BACK TO MY HOLE UNDER THE LOG FOR A WHILE BEFORE I MAKE UP MY MIND,2_271-2_271_1_3_006
/srv/scratch/speechdata/speech-corpora/AusTalk/speakers/speakers/1_969/sentences/1_969_2_16_021-ch6-speaker16.wav,5.4799546485260775,1_969,I WISH HE'D EITHER GROW A BEARD OR SHAVE HIS SCRUFFY MOUSTACHE,1_969-1_969_2_16_021
/srv/scratch/speechdata/speech-corpora/AusTalk/speakers/speakers/2_518/sentences/2_518_2_16_021-ch6-speaker16.wav,5.015510204081632,2_518,I WISH HE'D EITHER GROW A BEARD OR SHAVE HIS SCRUFFY MOUSTACHE,2_518-2_518_2_16_021
/srv/scratch/speechdata/speech-corpora/AusTalk/speakers/speakers/3_969/sentences/3_969_2_16_021-ch6-speaker16.wav,4.365396825396825,3_969,I WISH HE'D EITHER GROW A BEARD OR SHAVE HIS SCRUFFY MOUSTACHE,3_969-3_969_2_16_021
/srv/scratch/speechdata/speech-corpora/AusTalk/speakers/speakers/2_964/sentences/2_964_2_16_014-ch6-speaker16.wav,4.6440362811791385,2_964,I'LL THRASH OUT A DRAFT AND LODGE THOSE NEW PROPOSALS BEFORE THE NEXT MASS MEETING,2_964-2_964_2_16_014
/srv/scratch/speechdata/speech-corpora/AusTalk/speakers/speakers/1_996/sentences/1_996_2_16_014-ch6-speaker16.wav,5.4799546485260775,1_996,I'LL THRASH OUT A DRAFT AND LODGE THOSE NEW PROPOSALS BEFORE THE NEXT MASS MEETING,1_996-1_996_2_16_014
/srv/scratch/speechdata/speech-corpora/AusTalk/speakers/speakers/3_699/sentences/3_699_2_16_014-ch6-speaker16.wav,5.944353741496599,3_699,I'LL THRASH OUT A DRAFT AND LODGE THOSE NEW PROPOSALS BEFORE THE NEXT MASS MEETING,3_699-3_699_2_16_014
/srv/scratch/speechdata/speech-corpora/AusTalk/speakers/speakers/2_545/sentences/2_545_2_16_048-ch6-speaker16.wav,5.4799546485260775,2_545,I'VE JUST SEEN THAT ROGUE CHARLES TEARING OFF IN A HURRY TO HIS MATHS EXAM,2_545-2_545_2_16_048
/srv/scratch/speechdata/speech-corpora/AusTalk/speakers/speakers/4_1353/sentences/4_1353_2_16_048-ch6-speaker16.wav,5.572834467120181,4_1353,I'VE JUST SEEN THAT ROGUE CHARLES TEARING OFF IN A HURRY TO HIS MATHS EXAM,4_1353-4_1353_2_16_048
/srv/scratch/speechdata/speech-corpora/AusTalk/speakers/speakers/4_556/sentences/4_556_2_16_048-ch6-speaker16.wav,5.108390022675737,4_556,I'VE JUST SEEN THAT ROGUE CHARLES TEARING OFF IN A HURRY TO HIS MATHS EXAM,4_556-4_556_2_16_048
/srv/scratch/speechdata/speech-corpora/AusTalk/speakers/speakers/1_420/sentences/1_420_2_16_051-ch6-speaker16.wav,4.829750566893424,1_420,ISN'T IT COMMON KNOWLEDGE THAT THE KANGAROO HAS A POUCH IN FRONT,1_420-1_420_2_16_051
/srv/scratch/speechdata/speech-corpora/AusTalk/speakers/speakers/2_1370/sentences/2_1370_2_16_051-ch6-speaker16.wav,5.572834467120181,2_1370,ISN'T IT COMMON KNOWLEDGE THAT THE KANGAROO HAS A POUCH IN FRONT,2_1370-2_1370_2_16_051
/srv/scratch/speechdata/speech-corpora/AusTalk/speakers/speakers/2_283/sentences/2_283_2_16_051-ch6-speaker16.wav,7.244625850340136,2_283,ISN'T IT COMMON KNOWLEDGE THAT THE KANGAROO HAS A POUCH IN FRONT,2_283-2_283_2_16_051
/srv/scratch/speechdata/speech-corpora/AusTalk/speakers/speakers/1_15/sentences/1_15_2_16_025-ch6-speaker16.wav,7.801904761904762,1_15,ISN'T IT ODD HOW COBWEBS SLOWLY FIND THEIR WAY INTO EVERY NOOK AND CRANNY,1_15-1_15_2_16_025
/srv/scratch/speechdata/speech-corpora/AusTalk/speakers/speakers/4_14/sentences/4_14_2_16_025-ch6-speaker16.wav,5.4799546485260775,4_14,ISN'T IT ODD HOW COBWEBS SLOWLY FIND THEIR WAY INTO EVERY NOOK AND CRANNY,4_14-4_14_2_16_025
/srv/scratch/speechdata/speech-corpora/AusTalk/speakers/speakers/4_666/sentences/4_666_2_16_025-ch6-speaker16.wav,5.294149659863946,4_666,ISN'T IT ODD HOW COBWEBS SLOWLY FIND THEIR WAY INTO EVERY NOOK AND CRANNY,4_666-4_666_2_16_025
/srv/scratch/speechdata/speech-corpora/AusTalk/speakers/speakers/1_563/sentences/1_563_2_16_029-ch6-speaker16.wav,5.38702947845805,1_563,IT CAN BE QUITE RISKY CHANGING GEAR WHILST HALF WAY UP A STEEP HILL,1_563-1_563_2_16_029
/srv/scratch/speechdata/speech-corpora/AusTalk/speakers/speakers/2_529/sentences/2_529_2_16_029-ch6-speaker16.wav,4.829750566893424,2_529,IT CAN BE QUITE RISKY CHANGING GEAR WHILST HALF WAY UP A STEEP HILL,2_529-2_529_2_16_029
/srv/scratch/speechdata/speech-corpora/AusTalk/speakers/speakers/1_42/sentences/1_42_2_16_029-ch6-speaker16.wav,4.551156462585034,1_42,IT CAN BE QUITE RISKY CHANGING GEAR WHILST HALF WAY UP A STEEP HILL,1_42-1_42_2_16_029
/srv/scratch/speechdata/speech-corpora/AusTalk/speakers/speakers/3_1097/sentences/3_1097_2_16_045-ch6-speaker16.wav,5.6657142857142855,3_1097,IT SEEMS AS IF SUSAN DOES ALL THE FLOOR CLEANING FOR THIS FRUGAL HOUSEHOLD,3_1097-3_1097_2_16_045
/srv/scratch/speechdata/speech-corpora/AusTalk/speakers/speakers/3_969/sentences/3_969_2_16_045-ch6-speaker16.wav,5.6657142857142855,3_969,IT SEEMS AS IF SUSAN DOES ALL THE FLOOR CLEANING FOR THIS FRUGAL HOUSEHOLD,3_969-3_969_2_16_045
/srv/scratch/speechdata/speech-corpora/AusTalk/speakers/speakers/1_918/sentences/1_918_2_16_045-ch6-speaker16.wav,7.894829931972789,1_918,IT SEEMS AS IF SUSAN DOES ALL THE FLOOR CLEANING FOR THIS FRUGAL HOUSEHOLD,1_918-1_918_2_16_045
/srv/scratch/speechdata/speech-corpora/AusTalk/speakers/speakers/2_892/sentences/2_892_2_16_046-ch6-speaker16.wav,5.201269841269841,2_892,JOHN COULD SUPPLY HIM WITH THE LATEST DRAFT OF HIS WORK TO PROOF READ,2_892-2_892_2_16_046
/srv/scratch/speechdata/speech-corpora/AusTalk/speakers/speakers/4_1302/sentences/4_1302_2_16_046-ch6-speaker16.wav,6.222947845804988,4_1302,JOHN COULD SUPPLY HIM WITH THE LATEST DRAFT OF HIS WORK TO PROOF READ,4_1302-4_1302_2_16_046
/srv/scratch/speechdata/speech-corpora/AusTalk/speakers/speakers/1_574/sentences/1_574_2_16_046-ch6-speaker16.wav,6.315827664399093,1_574,JOHN COULD SUPPLY HIM WITH THE LATEST DRAFT OF HIS WORK TO PROOF READ,1_574-1_574_2_16_046
/srv/scratch/speechdata/speech-corpora/AusTalk/speakers/speakers/2_686/sentences/2_686_2_16_023-ch6-speaker16.wav,4.6440362811791385,2_686,JUDITH FOUND THE THREE MANUSCRIPTS WAITING FOR HER ON THE PIANO,2_686-2_686_2_16_023
/srv/scratch/speechdata/speech-corpora/AusTalk/speakers/speakers/3_795/sentences/3_795_2_16_023-ch6-speaker16.wav,4.45827664399093,3_795,JUDITH FOUND THE THREE MANUSCRIPTS WAITING FOR HER ON THE PIANO,3_795-3_795_2_16_023
/srv/scratch/speechdata/speech-corpora/AusTalk/speakers/speakers/3_1034/sentences/3_1034_2_16_023-ch6-speaker16.wav,4.736916099773243,3_1034,JUDITH FOUND THE THREE MANUSCRIPTS WAITING FOR HER ON THE PIANO,3_1034-3_1034_2_16_023
/srv/scratch/speechdata/speech-corpora/AusTalk/speakers/speakers/2_1247/story/2_1247_1_3_005-ch6-speaker16.wav,57.12108843537415,2_1247,JUST THEN THE OLD RAT CAUGHT SIGHT OF YOUNG ARTHUR HE WASN'T IN THE LINE AND HE WASN'T EXACTLY OUTSIDE IT HE STOOD JUST NEARBY EARS PRICKED COME ON GET IN LINE GROWLED THE OLD RODENT UNAMUSED YOU ARE COMING TOO ARENT YOU I DON'T KNOW SAID ARTHUR CALMLY WHY THE IDEA OF IT YOU DON'T THINK IT'S SAFE HERE ANYMORE DO YOU I'M NOT CERTAIN SAID ARTHUR UNDAUNTED THE ROOF MAY NOT FALL DOWN YET WELL SAID THE OLD RAT YOU WOULD BE STUPID NOT TO JOIN US THEN HE TURNED TO THE ASSEMBLED GROUP AND SHOUTED RIGHT ABOUT FACE MARCH AND THE LONG LINE MARCHED OUT OF THE BARN WHILE THE YOUNG RAT WATCHED THEM,2_1247-2_1247_1_3_005
/srv/scratch/speechdata/speech-corpora/AusTalk/speakers/speakers/1_654/story/1_654_1_3_005-ch6-speaker16.wav,52.75578231292517,1_654,JUST THEN THE OLD RAT CAUGHT SIGHT OF YOUNG ARTHUR HE WASN'T IN THE LINE AND HE WASN'T EXACTLY OUTSIDE IT HE STOOD JUST NEARBY EARS PRICKED COME ON GET IN LINE GROWLED THE OLD RODENT UNAMUSED YOU ARE COMING TOO ARENT YOU I DON'T KNOW SAID ARTHUR CALMLY WHY THE IDEA OF IT YOU DON'T THINK IT'S SAFE HERE ANYMORE DO YOU I'M NOT CERTAIN SAID ARTHUR UNDAUNTED THE ROOF MAY NOT FALL DOWN YET WELL SAID THE OLD RAT YOU WOULD BE STUPID NOT TO JOIN US THEN HE TURNED TO THE ASSEMBLED GROUP AND SHOUTED RIGHT ABOUT FACE MARCH AND THE LONG LINE MARCHED OUT OF THE BARN WHILE THE YOUNG RAT WATCHED THEM,1_654-1_654_1_3_005
/srv/scratch/speechdata/speech-corpora/AusTalk/speakers/speakers/2_1112/story/2_1112_1_3_005-ch6-speaker16.wav,62.87963718820862,2_1112,JUST THEN THE OLD RAT CAUGHT SIGHT OF YOUNG ARTHUR HE WASN'T IN THE LINE AND HE WASN'T EXACTLY OUTSIDE IT HE STOOD JUST NEARBY EARS PRICKED COME ON GET IN LINE GROWLED THE OLD RODENT UNAMUSED YOU ARE COMING TOO ARENT YOU I DON'T KNOW SAID ARTHUR CALMLY WHY THE IDEA OF IT YOU DON'T THINK IT'S SAFE HERE ANYMORE DO YOU I'M NOT CERTAIN SAID ARTHUR UNDAUNTED THE ROOF MAY NOT FALL DOWN YET WELL SAID THE OLD RAT YOU WOULD BE STUPID NOT TO JOIN US THEN HE TURNED TO THE ASSEMBLED GROUP AND SHOUTED RIGHT ABOUT FACE MARCH AND THE LONG LINE MARCHED OUT OF THE BARN WHILE THE YOUNG RAT WATCHED THEM,2_1112-2_1112_1_3_005
/srv/scratch/speechdata/speech-corpora/AusTalk/speakers/speakers/1_973/sentences/1_973_2_16_022-ch6-speaker16.wav,4.179591836734694,1_973,MELVIN'S CAT WAS SLOWLY ROLLING THE CAN,1_973-1_973_2_16_022
/srv/scratch/speechdata/speech-corpora/AusTalk/speakers/speakers/1_1097/sentences/1_1097_2_16_022-ch6-speaker16.wav,5.108390022675737,1_1097,MELVIN'S CAT WAS SLOWLY ROLLING THE CAN,1_1097-1_1097_2_16_022
/srv/scratch/speechdata/speech-corpora/AusTalk/speakers/speakers/2_1211/sentences/2_1211_2_16_022-ch6-speaker16.wav,5.4799546485260775,2_1211,MELVIN'S CAT WAS SLOWLY ROLLING THE CAN,2_1211-2_1211_2_16_022
/srv/scratch/speechdata/speech-corpora/AusTalk/speakers/speakers/3_112/sentences/3_112_2_16_038-ch6-speaker16.wav,5.201269841269841,3_112,MOST OF THE SCENES FILMED ON LOCATION IN THE ALPS WERE BREATHTAKING,3_112-3_112_2_16_038
/srv/scratch/speechdata/speech-corpora/AusTalk/speakers/speakers/2_688/sentences/2_688_2_16_038-ch6-speaker16.wav,7.801904761904762,2_688,MOST OF THE SCENES FILMED ON LOCATION IN THE ALPS WERE BREATHTAKING,2_688-2_688_2_16_038
/srv/scratch/speechdata/speech-corpora/AusTalk/speakers/speakers/1_728/sentences/1_728_2_16_038-ch6-speaker16.wav,10.12390022675737,1_728,MOST OF THE SCENES FILMED ON LOCATION IN THE ALPS WERE BREATHTAKING,1_728-1_728_2_16_038
/srv/scratch/speechdata/speech-corpora/AusTalk/speakers/speakers/4_159/sentences/4_159_2_16_026-ch6-speaker16.wav,5.015510204081632,4_159,MR BOYD SAYS THESE PRACTICAL JOKES HAVE BEEN TAKEN MUCH TOO FAR,4_159-4_159_2_16_026
/srv/scratch/speechdata/speech-corpora/AusTalk/speakers/speakers/1_1028/sentences/1_1028_2_16_026-ch6-speaker16.wav,6.780272108843538,1_1028,MR BOYD SAYS THESE PRACTICAL JOKES HAVE BEEN TAKEN MUCH TOO FAR,1_1028-1_1028_2_16_026
/srv/scratch/speechdata/speech-corpora/AusTalk/speakers/speakers/1_969/sentences/1_969_2_16_026-ch6-speaker16.wav,5.572834467120181,1_969,MR BOYD SAYS THESE PRACTICAL JOKES HAVE BEEN TAKEN MUCH TOO FAR,1_969-1_969_2_16_026
/srv/scratch/speechdata/speech-corpora/AusTalk/speakers/speakers/2_1280/sentences/2_1280_2_16_049-ch6-speaker16.wav,3.900952380952381,2_1280,MY MOTHER GETS CROSS WHEN THEY SAY YEAH INSTEAD OF YES,2_1280-2_1280_2_16_049
/srv/scratch/speechdata/speech-corpora/AusTalk/speakers/speakers/2_1084/sentences/2_1084_2_16_049-ch6-speaker16.wav,5.201269841269841,2_1084,MY MOTHER GETS CROSS WHEN THEY SAY YEAH INSTEAD OF YES,2_1084-2_1084_2_16_049
/srv/scratch/speechdata/speech-corpora/AusTalk/speakers/speakers/4_1353/sentences/4_1353_2_16_049-ch6-speaker16.wav,4.551156462585034,4_1353,MY MOTHER GETS CROSS WHEN THEY SAY YEAH INSTEAD OF YES,4_1353-4_1353_2_16_049
/srv/scratch/speechdata/speech-corpora/AusTalk/speakers/speakers/1_239/story/1_239_1_3_001-ch6-speaker16.wav,24.89183673469388,1_239,ONCE UPON A TIME THERE WAS A YOUNG RAT NAMED ARTHUR WHO COULDN'T MAKE UP HIS MIND WHENEVER THE OTHER RATS ASKED HIM IF HE WOULD LIKE TO GO OUT HUNTING WITH THEM HE WOULD ANSWER IN A SOFT VOICE I DON'T KNOW AND WHEN THEY SAID WOULD YOU RATHER STAY INSIDE HE WOULDN'T SAY YES OR NO EITHER HE'D ALWAYS AVOID MAKING A CHOICE,1_239-1_239_1_3_001
/srv/scratch/speechdata/speech-corpora/AusTalk/speakers/speakers/4_1339/story/4_1339_1_3_001-ch6-speaker16.wav,44.210839002267576,4_1339,ONCE UPON A TIME THERE WAS A YOUNG RAT NAMED ARTHUR WHO COULDN'T MAKE UP HIS MIND WHENEVER THE OTHER RATS ASKED HIM IF HE WOULD LIKE TO GO OUT HUNTING WITH THEM HE WOULD ANSWER IN A SOFT VOICE I DON'T KNOW AND WHEN THEY SAID WOULD YOU RATHER STAY INSIDE HE WOULDN'T SAY YES OR NO EITHER HE'D ALWAYS AVOID MAKING A CHOICE,4_1339-4_1339_1_3_001
/srv/scratch/speechdata/speech-corpora/AusTalk/speakers/speakers/1_114/story/1_114_1_3_001-ch6-speaker16.wav,22.476961451247167,1_114,ONCE UPON A TIME THERE WAS A YOUNG RAT NAMED ARTHUR WHO COULDN'T MAKE UP HIS MIND WHENEVER THE OTHER RATS ASKED HIM IF HE WOULD LIKE TO GO OUT HUNTING WITH THEM HE WOULD ANSWER IN A SOFT VOICE I DON'T KNOW AND WHEN THEY SAID WOULD YOU RATHER STAY INSIDE HE WOULDN'T SAY YES OR NO EITHER HE'D ALWAYS AVOID MAKING A CHOICE,1_114-1_114_1_3_001
/srv/scratch/speechdata/speech-corpora/AusTalk/speakers/speakers/4_792/story/4_792_1_3_002-ch6-speaker16.wav,39.659727891156464,4_792,ONE FINE DAY HIS AUNT ZELDA APPEALED TO HIM NOW LOOK HERE NO ONE IS GOING TO CARE ABOUT YOU IF YOU CARRY ON LIKE THIS YOU HAVE NO MORE MIND OF YOUR OWN THAN A GREASY OLD BLADE OF GRASS ARTHUR COUGHED AND LOOKED WISE AS USUAL BUT SAID NOTHING DON'T YOU THINK SO SAID ZELDA STAMPING HER FOOT FOR SHE COULDN'T BEAR TO SEE THE POOR LITTLE RAT SO COLDBLOODED I DON'T KNOW WAS ALL HE EVER ANSWERED AND THEN HE'D WALK OFF TO THINK FOR AN HOUR OR MORE ABOUT WHETHER HE WOULD STAY IN HIS HOLE IN THE GROUND OR GO UP INTO THE LOFT,4_792-4_792_1_3_002
/srv/scratch/speechdata/speech-corpora/AusTalk/speakers/speakers/4_1302/story/4_1302_1_3_002-ch6-speaker16.wav,38.8237641723356,4_1302,ONE FINE DAY HIS AUNT ZELDA APPEALED TO HIM NOW LOOK HERE NO ONE IS GOING TO CARE ABOUT YOU IF YOU CARRY ON LIKE THIS YOU HAVE NO MORE MIND OF YOUR OWN THAN A GREASY OLD BLADE OF GRASS ARTHUR COUGHED AND LOOKED WISE AS USUAL BUT SAID NOTHING DON'T YOU THINK SO SAID ZELDA STAMPING HER FOOT FOR SHE COULDN'T BEAR TO SEE THE POOR LITTLE RAT SO COLDBLOODED I DON'T KNOW WAS ALL HE EVER ANSWERED AND THEN HE'D WALK OFF TO THINK FOR AN HOUR OR MORE ABOUT WHETHER HE WOULD STAY IN HIS HOLE IN THE GROUND OR GO UP INTO THE LOFT,4_1302-4_1302_1_3_002
/srv/scratch/speechdata/speech-corpora/AusTalk/speakers/speakers/1_245/story/1_245_1_3_002-ch6-speaker16.wav,33.158140589569165,1_245,ONE FINE DAY HIS AUNT ZELDA APPEALED TO HIM NOW LOOK HERE NO ONE IS GOING TO CARE ABOUT YOU IF YOU CARRY ON LIKE THIS YOU HAVE NO MORE MIND OF YOUR OWN THAN A GREASY OLD BLADE OF GRASS ARTHUR COUGHED AND LOOKED WISE AS USUAL BUT SAID NOTHING DON'T YOU THINK SO SAID ZELDA STAMPING HER FOOT FOR SHE COULDN'T BEAR TO SEE THE POOR LITTLE RAT SO COLDBLOODED I DON'T KNOW WAS ALL HE EVER ANSWERED AND THEN HE'D WALK OFF TO THINK FOR AN HOUR OR MORE ABOUT WHETHER HE WOULD STAY IN HIS HOLE IN THE GROUND OR GO UP INTO THE LOFT,1_245-1_245_1_3_002
/srv/scratch/speechdata/speech-corpora/AusTalk/speakers/speakers/2_273/story/2_273_1_3_003-ch6-speaker16.wav,63.80848072562358,2_273,ONE NIGHT THE RATS HEARD A LOUD NOISE THEY LIVED IN A VERY DARK AND DREARY OLD PLACE THE ROOF LET THE RAIN COME WASHING IN MAKING SHALLOW POOLS ON THE MUDDY FLOOR THE BEAMS AND RAFTERS WERE ALL ROTTEN THROUGH SO EVENTUALLY THE WHOLE STRUCTURE WAS QUITE UNSAFE AT LAST ONE OF THE JOISTS GAVE WAY AND THE BEAMS FELL DOWN THE WALLS SHOOK AND THE CEILING COLLAPSED WITH A LOUD BANG THE RATS SHRIEKED AND THEIR FUR STOOD ON END WITH FEAR AND HORROR THIS WON'T DO SAID THEIR LEADER WITH A SCOWL WE CAN'T STAY COOPED UP HERE ANY LONGER SO HE SENT OUT SCOUTS TO SEARCH FOR A NEW HOME,2_273-2_273_1_3_003
/srv/scratch/speechdata/speech-corpora/AusTalk/speakers/speakers/2_68/story/2_68_1_3_003-ch6-speaker16.wav,39.659727891156464,2_68,ONE NIGHT THE RATS HEARD A LOUD NOISE THEY LIVED IN A VERY DARK AND DREARY OLD PLACE THE ROOF LET THE RAIN COME WASHING IN MAKING SHALLOW POOLS ON THE MUDDY FLOOR THE BEAMS AND RAFTERS WERE ALL ROTTEN THROUGH SO EVENTUALLY THE WHOLE STRUCTURE WAS QUITE UNSAFE AT LAST ONE OF THE JOISTS GAVE WAY AND THE BEAMS FELL DOWN THE WALLS SHOOK AND THE CEILING COLLAPSED WITH A LOUD BANG THE RATS SHRIEKED AND THEIR FUR STOOD ON END WITH FEAR AND HORROR THIS WON'T DO SAID THEIR LEADER WITH A SCOWL WE CAN'T STAY COOPED UP HERE ANY LONGER SO HE SENT OUT SCOUTS TO SEARCH FOR A NEW HOME,2_68-2_68_1_3_003
/srv/scratch/speechdata/speech-corpora/AusTalk/speakers/speakers/2_271/story/2_271_1_3_003-ch6-speaker16.wav,39.38108843537415,2_271,ONE NIGHT THE RATS HEARD A LOUD NOISE THEY LIVED IN A VERY DARK AND DREARY OLD PLACE THE ROOF LET THE RAIN COME WASHING IN MAKING SHALLOW POOLS ON THE MUDDY FLOOR THE BEAMS AND RAFTERS WERE ALL ROTTEN THROUGH SO EVENTUALLY THE WHOLE STRUCTURE WAS QUITE UNSAFE AT LAST ONE OF THE JOISTS GAVE WAY AND THE BEAMS FELL DOWN THE WALLS SHOOK AND THE CEILING COLLAPSED WITH A LOUD BANG THE RATS SHRIEKED AND THEIR FUR STOOD ON END WITH FEAR AND HORROR THIS WON'T DO SAID THEIR LEADER WITH A SCOWL WE CAN'T STAY COOPED UP HERE ANY LONGER SO HE SENT OUT SCOUTS TO SEARCH FOR A NEW HOME,2_271-2_271_1_3_003
/srv/scratch/speechdata/speech-corpora/AusTalk/speakers/speakers/3_654/sentences/3_654_2_16_009-ch6-speaker16.wav,11.145578231292516,3_654,PETE SAT IN THE LITTLE BOAT WITH HIS BAIT AND HIS FISHING BOOTS ON THE FLOOR BESIDE HIM WAITING FOR THE TROUT TO BITE,3_654-3_654_2_16_009
/srv/scratch/speechdata/speech-corpora/AusTalk/speakers/speakers/4_216/sentences/4_216_2_16_009-ch6-speaker16.wav,11.888662131519274,4_216,PETE SAT IN THE LITTLE BOAT WITH HIS BAIT AND HIS FISHING BOOTS ON THE FLOOR BESIDE HIM WAITING FOR THE TROUT TO BITE,4_216-4_216_2_16_009
/srv/scratch/speechdata/speech-corpora/AusTalk/speakers/speakers/2_825/sentences/2_825_2_16_009-ch6-speaker16.wav,5.4799546485260775,2_825,PETE SAT IN THE LITTLE BOAT WITH HIS BAIT AND HIS FISHING BOOTS ON THE FLOOR BESIDE HIM WAITING FOR THE TROUT TO BITE,2_825-2_825_2_16_009
/srv/scratch/speechdata/speech-corpora/AusTalk/speakers/speakers/3_271/sentences/3_271_2_16_055-ch6-speaker16.wav,6.780272108843538,3_271,PLEASE I FEEL TOO LETHARGIC TO WASH UP TONIGHT,3_271-3_271_2_16_055
/srv/scratch/speechdata/speech-corpora/AusTalk/speakers/speakers/4_466/sentences/4_466_2_16_055-ch6-speaker16.wav,4.272517006802721,4_466,PLEASE I FEEL TOO LETHARGIC TO WASH UP TONIGHT,4_466-4_466_2_16_055
/srv/scratch/speechdata/speech-corpora/AusTalk/speakers/speakers/2_1333/sentences/2_1333_2_16_055-ch6-speaker16.wav,4.922630385487528,2_1333,PLEASE I FEEL TOO LETHARGIC TO WASH UP TONIGHT,2_1333-2_1333_2_16_055
/srv/scratch/speechdata/speech-corpora/AusTalk/speakers/speakers/3_448/sentences/3_448_2_16_044-ch6-speaker16.wav,4.922630385487528,3_448,SHARON VOWED NEVER AGAIN TO SNEER AT TOURISTS BUYING SOUVENIR DOLLS,3_448-3_448_2_16_044
/srv/scratch/speechdata/speech-corpora/AusTalk/speakers/speakers/4_934/sentences/4_934_2_16_044-ch6-speaker16.wav,5.4799546485260775,4_934,SHARON VOWED NEVER AGAIN TO SNEER AT TOURISTS BUYING SOUVENIR DOLLS,4_934-4_934_2_16_044
/srv/scratch/speechdata/speech-corpora/AusTalk/speakers/speakers/4_1018/sentences/4_1018_2_16_044-ch6-speaker16.wav,4.08671201814059,4_1018,SHARON VOWED NEVER AGAIN TO SNEER AT TOURISTS BUYING SOUVENIR DOLLS,4_1018-4_1018_2_16_044
/srv/scratch/speechdata/speech-corpora/AusTalk/speakers/speakers/1_661/sentences/1_661_2_16_059-ch6-speaker16.wav,8.35922902494331,1_661,SHARON WATCHED THE HELICOPTER AS IT LIFTED OFF THE DECK HOVERED FOR A COUPLE OF SECONDS AND THEN LANDED ONCE MORE,1_661-1_661_2_16_059
/srv/scratch/speechdata/speech-corpora/AusTalk/speakers/speakers/2_708/sentences/2_708_2_16_059-ch6-speaker16.wav,8.452063492063493,2_708,SHARON WATCHED THE HELICOPTER AS IT LIFTED OFF THE DECK HOVERED FOR A COUPLE OF SECONDS AND THEN LANDED ONCE MORE,2_708-2_708_2_16_059
/srv/scratch/speechdata/speech-corpora/AusTalk/speakers/speakers/1_114/sentences/1_114_2_16_059-ch6-speaker16.wav,8.6378231292517,1_114,SHARON WATCHED THE HELICOPTER AS IT LIFTED OFF THE DECK HOVERED FOR A COUPLE OF SECONDS AND THEN LANDED ONCE MORE,1_114-1_114_2_16_059
/srv/scratch/speechdata/speech-corpora/AusTalk/speakers/speakers/1_1018/sentences/1_1018_2_16_015-ch6-speaker16.wav,7.801904761904762,1_1018,SHE'LL THINK OF AN EXCUSE WHY SHE OVERSLEPT IF GIVEN ENOUGH TIME AND SPACE,1_1018-1_1018_2_16_015
/srv/scratch/speechdata/speech-corpora/AusTalk/speakers/speakers/3_464/sentences/3_464_2_16_015-ch6-speaker16.wav,6.03718820861678,3_464,SHE'LL THINK OF AN EXCUSE WHY SHE OVERSLEPT IF GIVEN ENOUGH TIME AND SPACE,3_464-3_464_2_16_015
/srv/scratch/speechdata/speech-corpora/AusTalk/speakers/speakers/1_965/sentences/1_965_2_16_015-ch6-speaker16.wav,5.6657142857142855,1_965,SHE'LL THINK OF AN EXCUSE WHY SHE OVERSLEPT IF GIVEN ENOUGH TIME AND SPACE,1_965-1_965_2_16_015
/srv/scratch/speechdata/speech-corpora/AusTalk/speakers/speakers/3_358/sentences/3_358_2_16_053-ch6-speaker16.wav,4.08671201814059,3_358,SURELY IF YOU LEAVE THE RECORD BY THE FIRE IT WILL WARP,3_358-3_358_2_16_053
/srv/scratch/speechdata/speech-corpora/AusTalk/speakers/speakers/1_374/sentences/1_374_2_16_053-ch6-speaker16.wav,4.08671201814059,1_374,SURELY IF YOU LEAVE THE RECORD BY THE FIRE IT WILL WARP,1_374-1_374_2_16_053
/srv/scratch/speechdata/speech-corpora/AusTalk/speakers/speakers/4_740/sentences/4_740_2_16_053-ch6-speaker16.wav,4.45827664399093,4_740,SURELY IF YOU LEAVE THE RECORD BY THE FIRE IT WILL WARP,4_740-4_740_2_16_053
/srv/scratch/speechdata/speech-corpora/AusTalk/speakers/speakers/2_1084/sentences/2_1084_2_16_008-ch6-speaker16.wav,3.622312925170068,2_1084,THANK GOODNESS IT'S FRIDAY AND TIME TO GO HOME,2_1084-2_1084_2_16_008
/srv/scratch/speechdata/speech-corpora/AusTalk/speakers/speakers/1_697/sentences/1_697_2_16_008-ch6-speaker16.wav,4.829750566893424,1_697,THANK GOODNESS IT'S FRIDAY AND TIME TO GO HOME,1_697-1_697_2_16_008
/srv/scratch/speechdata/speech-corpora/AusTalk/speakers/speakers/2_1122/sentences/2_1122_2_16_008-ch6-speaker16.wav,4.272517006802721,2_1122,THANK GOODNESS IT'S FRIDAY AND TIME TO GO HOME,2_1122-2_1122_2_16_008
/srv/scratch/speechdata/speech-corpora/AusTalk/speakers/speakers/2_824/sentences/2_824_2_16_058-ch6-speaker16.wav,7.616145124716553,2_824,THE CHILL WIND CAUSED THE TWINS TO SHIVER VIOLENTLY IN THEIR THREADBARE CLOTHES,2_824-2_824_2_16_058
/srv/scratch/speechdata/speech-corpora/AusTalk/speakers/speakers/4_288/sentences/4_288_2_16_058-ch6-speaker16.wav,5.38702947845805,4_288,THE CHILL WIND CAUSED THE TWINS TO SHIVER VIOLENTLY IN THEIR THREADBARE CLOTHES,4_288-4_288_2_16_058
/srv/scratch/speechdata/speech-corpora/AusTalk/speakers/speakers/2_1272/sentences/2_1272_2_16_058-ch6-speaker16.wav,6.687392290249433,2_1272,THE CHILL WIND CAUSED THE TWINS TO SHIVER VIOLENTLY IN THEIR THREADBARE CLOTHES,2_1272-2_1272_2_16_058
/srv/scratch/speechdata/speech-corpora/AusTalk/speakers/speakers/4_295/sentences/4_295_2_16_047-ch6-speaker16.wav,4.736916099773243,4_295,THE DEAR OLD BISHOP WAS THRUST INTO TROUBLE WITH THE SELF ABSORBED MAYOR,4_295-4_295_2_16_047
/srv/scratch/speechdata/speech-corpora/AusTalk/speakers/speakers/1_94/sentences/1_94_2_16_047-ch6-speaker16.wav,5.4799546485260775,1_94,THE DEAR OLD BISHOP WAS THRUST INTO TROUBLE WITH THE SELF ABSORBED MAYOR,1_94-1_94_2_16_047
/srv/scratch/speechdata/speech-corpora/AusTalk/speakers/speakers/4_747/sentences/4_747_2_16_047-ch6-speaker16.wav,5.944353741496599,4_747,THE DEAR OLD BISHOP WAS THRUST INTO TROUBLE WITH THE SELF ABSORBED MAYOR,4_747-4_747_2_16_047
/srv/scratch/speechdata/speech-corpora/AusTalk/speakers/speakers/1_942/sentences/1_942_2_16_024-ch6-speaker16.wav,5.38702947845805,1_942,THE DWARF'S THRONE WAS IN A HUGE CASTLE ENCIRCLED BY A DEEP MOAT,1_942-1_942_2_16_024
/srv/scratch/speechdata/speech-corpora/AusTalk/speakers/speakers/4_1363/sentences/4_1363_2_16_024-ch6-speaker16.wav,5.4799546485260775,4_1363,THE DWARF'S THRONE WAS IN A HUGE CASTLE ENCIRCLED BY A DEEP MOAT,4_1363-4_1363_2_16_024
/srv/scratch/speechdata/speech-corpora/AusTalk/speakers/speakers/2_649/sentences/2_649_2_16_024-ch6-speaker16.wav,5.4799546485260775,2_649,THE DWARF'S THRONE WAS IN A HUGE CASTLE ENCIRCLED BY A DEEP MOAT,2_649-2_649_2_16_024
/srv/scratch/speechdata/speech-corpora/AusTalk/speakers/speakers/3_195/sentences/3_195_2_16_020-ch6-speaker16.wav,4.08671201814059,3_195,THE EARTH USED TO BE FLAT BUT NOW IT'S A SPHERE ISN'T IT,3_195-3_195_2_16_020
/srv/scratch/speechdata/speech-corpora/AusTalk/speakers/speakers/4_1106/sentences/4_1106_2_16_020-ch6-speaker16.wav,5.294149659863946,4_1106,THE EARTH USED TO BE FLAT BUT NOW IT'S A SPHERE ISN'T IT,4_1106-4_1106_2_16_020
/srv/scratch/speechdata/speech-corpora/AusTalk/speakers/speakers/1_880/sentences/1_880_2_16_020-ch6-speaker16.wav,4.08671201814059,1_880,THE EARTH USED TO BE FLAT BUT NOW IT'S A SPHERE ISN'T IT,1_880-1_880_2_16_020
/srv/scratch/speechdata/speech-corpora/AusTalk/speakers/speakers/4_225/story/4_225_1_3_008-ch6-speaker16.wav,2.507755102040816,4_225,THE END,4_225-4_225_1_3_008
/srv/scratch/speechdata/speech-corpora/AusTalk/speakers/speakers/1_239/story/1_239_1_3_008-ch6-speaker16.wav,3.343718820861678,1_239,THE END,1_239-1_239_1_3_008
/srv/scratch/speechdata/speech-corpora/AusTalk/speakers/speakers/4_1166/story/4_1166_1_3_008-ch6-speaker16.wav,2.693514739229025,4_1166,THE END,4_1166-4_1166_1_3_008
/srv/scratch/speechdata/speech-corpora/AusTalk/speakers/speakers/4_522/sentences/4_522_2_16_039-ch6-speaker16.wav,4.922630385487528,4_522,THE FLAG CEREMONY OVERWHELMED ME AND I WAS MOVED TO TEARS,4_522-4_522_2_16_039
/srv/scratch/speechdata/speech-corpora/AusTalk/speakers/speakers/4_887/sentences/4_887_2_16_039-ch6-speaker16.wav,5.108390022675737,4_887,THE FLAG CEREMONY OVERWHELMED ME AND I WAS MOVED TO TEARS,4_887-4_887_2_16_039
/srv/scratch/speechdata/speech-corpora/AusTalk/speakers/speakers/1_366/sentences/1_366_2_16_039-ch6-speaker16.wav,6.501587301587302,1_366,THE FLAG CEREMONY OVERWHELMED ME AND I WAS MOVED TO TEARS,1_366-1_366_2_16_039
/srv/scratch/speechdata/speech-corpora/AusTalk/speakers/speakers/4_1314/sentences/4_1314_2_16_005-ch6-speaker16.wav,6.687392290249433,4_1314,THE GRASS WAS MOWN BEFORE THE UNCONTROLLABLE CHILDREN CAME OUT TO PLAY,4_1314-4_1314_2_16_005
/srv/scratch/speechdata/speech-corpora/AusTalk/speakers/speakers/1_678/sentences/1_678_2_16_005-ch6-speaker16.wav,9.380907029478458,1_678,THE GRASS WAS MOWN BEFORE THE UNCONTROLLABLE CHILDREN CAME OUT TO PLAY,1_678-1_678_2_16_005
/srv/scratch/speechdata/speech-corpora/AusTalk/speakers/speakers/3_402/sentences/3_402_2_16_005-ch6-speaker16.wav,6.687392290249433,3_402,THE GRASS WAS MOWN BEFORE THE UNCONTROLLABLE CHILDREN CAME OUT TO PLAY,3_402-3_402_2_16_005
/srv/scratch/speechdata/speech-corpora/AusTalk/speakers/speakers/3_217/sentences/3_217_2_16_018-ch6-speaker16.wav,5.944353741496599,3_217,THE GROUP ASKED IF I WANTED TO COME ALONG ON THE BARGE TRIP,3_217-3_217_2_16_018
/srv/scratch/speechdata/speech-corpora/AusTalk/speakers/speakers/2_1027/sentences/2_1027_2_16_018-ch6-speaker16.wav,4.365396825396825,2_1027,THE GROUP ASKED IF I WANTED TO COME ALONG ON THE BARGE TRIP,2_1027-2_1027_2_16_018
/srv/scratch/speechdata/speech-corpora/AusTalk/speakers/speakers/4_121/sentences/4_121_2_16_018-ch6-speaker16.wav,4.736916099773243,4_121,THE GROUP ASKED IF I WANTED TO COME ALONG ON THE BARGE TRIP,4_121-4_121_2_16_018
/srv/scratch/speechdata/speech-corpora/AusTalk/speakers/speakers/2_394/sentences/2_394_2_16_002-ch6-speaker16.wav,7.244625850340136,2_394,THE KID GAVE A LONG MOAN WHEN THE MILK WAS SPILT,2_394-2_394_2_16_002
/srv/scratch/speechdata/speech-corpora/AusTalk/speakers/speakers/4_740/sentences/4_740_2_16_002-ch6-speaker16.wav,5.944353741496599,4_740,THE KID GAVE A LONG MOAN WHEN THE MILK WAS SPILT,4_740-4_740_2_16_002
/srv/scratch/speechdata/speech-corpora/AusTalk/speakers/speakers/2_170/sentences/2_170_2_16_002-ch6-speaker16.wav,3.436598639455782,2_170,THE KID GAVE A LONG MOAN WHEN THE MILK WAS SPILT,2_170-2_170_2_16_002
/srv/scratch/speechdata/speech-corpora/AusTalk/speakers/speakers/3_1081/sentences/3_1081_2_16_013-ch6-speaker16.wav,7.244625850340136,3_1081,THE LENGTH OF HER SKIRT CAUSED THE PASSERS BY TO GLARE,3_1081-3_1081_2_16_013
/srv/scratch/speechdata/speech-corpora/AusTalk/speakers/speakers/3_1202/sentences/3_1202_2_16_013-ch6-speaker16.wav,5.294149659863946,3_1202,THE LENGTH OF HER SKIRT CAUSED THE PASSERS BY TO GLARE,3_1202-3_1202_2_16_013
/srv/scratch/speechdata/speech-corpora/AusTalk/speakers/speakers/1_645/sentences/1_645_2_16_013-ch6-speaker16.wav,5.201269841269841,1_645,THE LENGTH OF HER SKIRT CAUSED THE PASSERS BY TO GLARE,1_645-1_645_2_16_013
/srv/scratch/speechdata/speech-corpora/AusTalk/speakers/speakers/4_934/sentences/4_934_2_16_036-ch6-speaker16.wav,4.922630385487528,4_934,THE NURSE TENDED THE FIERCE LOOKING FLESH WOUND ON PAUL'S SCALP,4_934-4_934_2_16_036
/srv/scratch/speechdata/speech-corpora/AusTalk/speakers/speakers/4_786/sentences/4_786_2_16_036-ch6-speaker16.wav,5.294149659863946,4_786,THE NURSE TENDED THE FIERCE LOOKING FLESH WOUND ON PAUL'S SCALP,4_786-4_786_2_16_036
/srv/scratch/speechdata/speech-corpora/AusTalk/speakers/speakers/2_1011/sentences/2_1011_2_16_036-ch6-speaker16.wav,5.6657142857142855,2_1011,THE NURSE TENDED THE FIERCE LOOKING FLESH WOUND ON PAUL'S SCALP,2_1011-2_1011_2_16_036
/srv/scratch/speechdata/speech-corpora/AusTalk/speakers/speakers/3_306/sentences/3_306_2_16_056-ch6-speaker16.wav,7.244625850340136,3_306,THE PLANE FLEW DOWN LOW OVER THE RUNWAY THEN INCREASED SPEED AND CIRCLED THE AIRFIELD A SECOND TIME,3_306-3_306_2_16_056
/srv/scratch/speechdata/speech-corpora/AusTalk/speakers/speakers/1_230/sentences/1_230_2_16_056-ch6-speaker16.wav,6.408707482993197,1_230,THE PLANE FLEW DOWN LOW OVER THE RUNWAY THEN INCREASED SPEED AND CIRCLED THE AIRFIELD A SECOND TIME,1_230-1_230_2_16_056
/srv/scratch/speechdata/speech-corpora/AusTalk/speakers/speakers/1_936/sentences/1_936_2_16_056-ch6-speaker16.wav,5.944353741496599,1_936,THE PLANE FLEW DOWN LOW OVER THE RUNWAY THEN INCREASED SPEED AND CIRCLED THE AIRFIELD A SECOND TIME,1_936-1_936_2_16_056
/srv/scratch/speechdata/speech-corpora/AusTalk/speakers/speakers/3_1204/sentences/3_1204_2_16_003-ch6-speaker16.wav,4.179591836734694,3_1204,THE TABLE IS BADLY GLUED AND MADE SO SLOPPILY THAT IT TILTS,3_1204-3_1204_2_16_003
/srv/scratch/speechdata/speech-corpora/AusTalk/speakers/speakers/3_377/sentences/3_377_2_16_003-ch6-speaker16.wav,5.75859410430839,3_377,THE TABLE IS BADLY GLUED AND MADE SO SLOPPILY THAT IT TILTS,3_377-3_377_2_16_003
/srv/scratch/speechdata/speech-corpora/AusTalk/speakers/speakers/4_10/sentences/4_10_2_16_003-ch6-speaker16.wav,5.75859410430839,4_10,THE TABLE IS BADLY GLUED AND MADE SO SLOPPILY THAT IT TILTS,4_10-4_10_2_16_003
/srv/scratch/speechdata/speech-corpora/AusTalk/speakers/speakers/4_1257/sentences/4_1257_2_16_032-ch6-speaker16.wav,7.05891156462585,4_1257,THE TRUTH IS I WISH I LIVED A LITTLE BIT NEARER TO THE SUPERMARKET,4_1257-4_1257_2_16_032
/srv/scratch/speechdata/speech-corpora/AusTalk/speakers/speakers/1_186/sentences/1_186_2_16_032-ch6-speaker16.wav,5.015510204081632,1_186,THE TRUTH IS I WISH I LIVED A LITTLE BIT NEARER TO THE SUPERMARKET,1_186-1_186_2_16_032
/srv/scratch/speechdata/speech-corpora/AusTalk/speakers/speakers/2_1164/sentences/2_1164_2_16_032-ch6-speaker16.wav,7.151791383219955,2_1164,THE TRUTH IS I WISH I LIVED A LITTLE BIT NEARER TO THE SUPERMARKET,2_1164-2_1164_2_16_032
/srv/scratch/speechdata/speech-corpora/AusTalk/speakers/speakers/1_993/sentences/1_993_2_16_030-ch6-speaker16.wav,5.6657142857142855,1_993,THERE'LL BE BIG TROUBLE IF YOU DARE TO TOUCH THAT STRETCHED SURFACE,1_993-1_993_2_16_030
/srv/scratch/speechdata/speech-corpora/AusTalk/speakers/speakers/3_1274/sentences/3_1274_2_16_030-ch6-speaker16.wav,5.108390022675737,3_1274,THERE'LL BE BIG TROUBLE IF YOU DARE TO TOUCH THAT STRETCHED SURFACE,3_1274-3_1274_2_16_030
/srv/scratch/speechdata/speech-corpora/AusTalk/speakers/speakers/2_658/sentences/2_658_2_16_030-ch6-speaker16.wav,4.272517006802721,2_658,THERE'LL BE BIG TROUBLE IF YOU DARE TO TOUCH THAT STRETCHED SURFACE,2_658-2_658_2_16_030
/srv/scratch/speechdata/speech-corpora/AusTalk/speakers/speakers/1_200/sentences/1_200_2_16_034-ch6-speaker16.wav,6.315827664399093,1_200,THIS NEW GLOVE AND SHOE DISPLAY ATTRACTS MORE CUSTOMERS THAN EVER,1_200-1_200_2_16_034
/srv/scratch/speechdata/speech-corpora/AusTalk/speakers/speakers/1_973/sentences/1_973_2_16_034-ch6-speaker16.wav,9.009342403628118,1_973,THIS NEW GLOVE AND SHOE DISPLAY ATTRACTS MORE CUSTOMERS THAN EVER,1_973-1_973_2_16_034
/srv/scratch/speechdata/speech-corpora/AusTalk/speakers/speakers/3_831/sentences/3_831_2_16_034-ch6-speaker16.wav,5.38702947845805,3_831,THIS NEW GLOVE AND SHOE DISPLAY ATTRACTS MORE CUSTOMERS THAN EVER,3_831-3_831_2_16_034
/srv/scratch/speechdata/speech-corpora/AusTalk/speakers/speakers/2_350/sentences/2_350_2_16_028-ch6-speaker16.wav,4.6440362811791385,2_350,THIS YEAR I SHALL PAINT THIS ROOM MAUVE WITH A SPLOTCH OF BEIGE DOTS,2_350-2_350_2_16_028
/srv/scratch/speechdata/speech-corpora/AusTalk/speakers/speakers/3_845/sentences/3_845_2_16_028-ch6-speaker16.wav,7.05891156462585,3_845,THIS YEAR I SHALL PAINT THIS ROOM MAUVE WITH A SPLOTCH OF BEIGE DOTS,3_845-3_845_2_16_028
/srv/scratch/speechdata/speech-corpora/AusTalk/speakers/speakers/4_977/sentences/4_977_2_16_028-ch6-speaker16.wav,4.45827664399093,4_977,THIS YEAR I SHALL PAINT THIS ROOM MAUVE WITH A SPLOTCH OF BEIGE DOTS,4_977-4_977_2_16_028
/srv/scratch/speechdata/speech-corpora/AusTalk/speakers/speakers/4_1314/sentences/4_1314_2_16_007-ch6-speaker16.wav,5.4799546485260775,4_1314,TROY FLICKS THROUGH A YUPPIE MAGAZINE WHEN HE GETS A CHANCE,4_1314-4_1314_2_16_007
/srv/scratch/speechdata/speech-corpora/AusTalk/speakers/speakers/1_929/sentences/1_929_2_16_007-ch6-speaker16.wav,5.108390022675737,1_929,TROY FLICKS THROUGH A YUPPIE MAGAZINE WHEN HE GETS A CHANCE,1_929-1_929_2_16_007
/srv/scratch/speechdata/speech-corpora/AusTalk/speakers/speakers/3_1327/sentences/3_1327_2_16_007-ch6-speaker16.wav,3.808072562358277,3_1327,TROY FLICKS THROUGH A YUPPIE MAGAZINE WHEN HE GETS A CHANCE,3_1327-3_1327_2_16_007
/srv/scratch/speechdata/speech-corpora/AusTalk/speakers/speakers/2_114/sentences/2_114_2_16_017-ch6-speaker16.wav,4.45827664399093,2_114,UNFORTUNATELY THE BATH PLUG IS MISSING SO YOU'LL HAVE TO TAKE A SHOWER,2_114-2_114_2_16_017
/srv/scratch/speechdata/speech-corpora/AusTalk/speakers/speakers/1_880/sentences/1_880_2_16_017-ch6-speaker16.wav,5.38702947845805,1_880,UNFORTUNATELY THE BATH PLUG IS MISSING SO YOU'LL HAVE TO TAKE A SHOWER,1_880-1_880_2_16_017
/srv/scratch/speechdata/speech-corpora/AusTalk/speakers/speakers/2_170/sentences/2_170_2_16_017-ch6-speaker16.wav,4.179591836734694,2_170,UNFORTUNATELY THE BATH PLUG IS MISSING SO YOU'LL HAVE TO TAKE A SHOWER,2_170-2_170_2_16_017
/srv/scratch/speechdata/speech-corpora/AusTalk/speakers/speakers/3_1162/sentences/3_1162_2_16_040-ch6-speaker16.wav,4.365396825396825,3_1162,WAS IT THE BLUE GLOBE THAT BROKE WHEN HE SWITCHED ON THE LIGHT,3_1162-3_1162_2_16_040
/srv/scratch/speechdata/speech-corpora/AusTalk/speakers/speakers/2_965/sentences/2_965_2_16_040-ch6-speaker16.wav,3.993832199546485,2_965,WAS IT THE BLUE GLOBE THAT BROKE WHEN HE SWITCHED ON THE LIGHT,2_965-2_965_2_16_040
/srv/scratch/speechdata/speech-corpora/AusTalk/speakers/speakers/4_280/sentences/4_280_2_16_040-ch6-speaker16.wav,5.851473922902494,4_280,WAS IT THE BLUE GLOBE THAT BROKE WHEN HE SWITCHED ON THE LIGHT,4_280-4_280_2_16_040
/srv/scratch/speechdata/speech-corpora/AusTalk/speakers/speakers/2_1078/sentences/2_1078_2_16_035-ch6-speaker16.wav,10.12390022675737,2_1078,WE'D BE HARD PUSHED FOR THE WHOLE SQUAD TO CATCH THE BUS TO SPRINGWOOD TONIGHT,2_1078-2_1078_2_16_035
/srv/scratch/speechdata/speech-corpora/AusTalk/speakers/speakers/1_1220/sentences/1_1220_2_16_035-ch6-speaker16.wav,10.309705215419502,1_1220,WE'D BE HARD PUSHED FOR THE WHOLE SQUAD TO CATCH THE BUS TO SPRINGWOOD TONIGHT,1_1220-1_1220_2_16_035
/srv/scratch/speechdata/speech-corpora/AusTalk/speakers/speakers/3_818/sentences/3_818_2_16_035-ch6-speaker16.wav,6.222947845804988,3_818,WE'D BE HARD PUSHED FOR THE WHOLE SQUAD TO CATCH THE BUS TO SPRINGWOOD TONIGHT,3_818-3_818_2_16_035
/srv/scratch/speechdata/speech-corpora/AusTalk/speakers/speakers/4_1328/sentences/4_1328_2_16_004-ch6-speaker16.wav,7.337505668934241,4_1328,WE'RE GLAD THAT THE PRICE RANGE IS SMALLER THAN ANY OF US EXPECTED,4_1328-4_1328_2_16_004
/srv/scratch/speechdata/speech-corpora/AusTalk/speakers/speakers/3_132/sentences/3_132_2_16_004-ch6-speaker16.wav,5.015510204081632,3_132,WE'RE GLAD THAT THE PRICE RANGE IS SMALLER THAN ANY OF US EXPECTED,3_132-3_132_2_16_004
/srv/scratch/speechdata/speech-corpora/AusTalk/speakers/speakers/4_932/sentences/4_932_2_16_004-ch6-speaker16.wav,4.272517006802721,4_932,WE'RE GLAD THAT THE PRICE RANGE IS SMALLER THAN ANY OF US EXPECTED,4_932-4_932_2_16_004
/srv/scratch/speechdata/speech-corpora/AusTalk/speakers/speakers/3_439/sentences/3_439_2_16_010-ch6-speaker16.wav,7.616145124716553,3_439,WHO SAYS ITCHES ARE ALWAYS SO TEMPTING TO SCRATCH,3_439-3_439_2_16_010
/srv/scratch/speechdata/speech-corpora/AusTalk/speakers/speakers/2_128/sentences/2_128_2_16_010-ch6-speaker16.wav,4.922630385487528,2_128,WHO SAYS ITCHES ARE ALWAYS SO TEMPTING TO SCRATCH,2_128-2_128_2_16_010
/srv/scratch/speechdata/speech-corpora/AusTalk/speakers/speakers/4_1046/sentences/4_1046_2_16_010-ch6-speaker16.wav,6.130068027210885,4_1046,WHO SAYS ITCHES ARE ALWAYS SO TEMPTING TO SCRATCH,4_1046-4_1046_2_16_010
/srv/scratch/speechdata/speech-corpora/AusTalk/speakers/speakers/2_1126/sentences/2_1126_2_16_019-ch6-speaker16.wav,4.551156462585034,2_1126,YOU OUGHT TO BRUSH YOUR TEETH AND WASH YOUR FACE BEFORE YOU GO TO BED,2_1126-2_1126_2_16_019
/srv/scratch/speechdata/speech-corpora/AusTalk/speakers/speakers/4_1323/sentences/4_1323_2_16_019-ch6-speaker16.wav,6.130068027210885,4_1323,YOU OUGHT TO BRUSH YOUR TEETH AND WASH YOUR FACE BEFORE YOU GO TO BED,4_1323-4_1323_2_16_019
/srv/scratch/speechdata/speech-corpora/AusTalk/speakers/speakers/1_501/sentences/1_501_2_16_019-ch6-speaker16.wav,3.436598639455782,1_501,YOU OUGHT TO BRUSH YOUR TEETH AND WASH YOUR FACE BEFORE YOU GO TO BED,1_501-1_501_2_16_019
