,target_text,pred_str
0,BALL,BALL
1,FOUR CUPS,FOUR CUPS
2,DETECTIVE,DETECTIVE
3,TONIGHT,TONIGHT
4,STRAW,STRAW
5,SWING,SWING
6,PIG,PIG
7,TREASURE,TTREASURE
8,HEAD,HEAD
9,BRIDGE,BRIDGE
10,SNAKE,SNAKE
11,HILL,HILL
12,CARD,CARD
13,LEAF,LEAF
14,THREE,THEE
15,HIPPOPOTAMUS,HIPPOPOTAMUS
16,THERMOMETER,THERMOMETER
17,THREE EGGS,THREE EGGS
18,GIRL,GIRL
19,GIRAFFE,GIRAFFE
20,FOUR O CLOCK,FOUR O CLOCK
21,WATCH,WATCH
22,KANGAROO,KANGAROO
23,BOY,BOY
24,THAT,THAT
25,SPAGHETTI,SPAGHETTI
26,PULL,PUL
27,CLOWN,CLOWN
28,TWO CUPS,TWO CUPS
29,BUTTERFLY,BUTTERFLY
30,THUMB,THUMB
31,JAM,TOWN
32,BOY,BOY
33,FROG,FROG
34,VANILLA,VANILLA
35,HEAD,HEAD
36,BALL,BALL
37,BANANA,BANANA
38,JAM,JAM
39,HILL,HILL
40,DUCK,DUCK
41,HIPPOPOTAMUS,HIPPOPOTAMUS
42,WATERMELON,WATERMELON
43,WATERMELON,WATERMELON
44,FUR,FUR
45,JAM,JAM
46,TAIL,TAIL
47,THREE,THREE
48,THUMB,THUMB
49,THUMB,THUMB
50,BRIDGE,BRIDGE
51,ONE O CLOCK,ONE O CLOCK
52,TONIGHT,TONIGHT
53,MOUNTAIN,MOUNTAIN
54,AUSTRALIA,AUSTRALIA
55,ONE EGG,ONE EGG
56,FOUR,FOUR
57,CUB,CUB
58,CRAB,CRAB
59,GARDEN,GARDEN
60,BINOCULARS,BINOCULARS
61,THREE,THREE
62,DOLL,DOLL
63,SHORT,SHORT
64,THREE CUPS,THREE CUPS
65,TWO O CLOCK,TWO O CLOCK
66,STETHOSCOPE,STETHOSCOPE
67,DINOSAUR,DINOSAUR
68,THREE O CLOCK,THREE O CLOCK
69,KANGAROO,KANGAROO
70,KITCHEN,KITCHEN
71,KANGAROO,KANGARO
72,HIPPOPOTAMUS,HIPPOPOTAMUS
73,HEAD,HEAD
74,SAUSAGE,SAUSAGE
75,THREE,THREE
76,HIPPOPOTAMUS,HIPPOOHIPPOTAMUS
77,PLAY,PLAY
78,SAUSAGE,SAUSAGE
79,ZOO,ZOO
80,FOUR,FOUR
81,POTATO,POTATO
82,POTATO,POTATO
83,HILL,HILL
84,SIX,SIX
85,CARPET,CCARPET
86,CLOWN,CLOWN
87,AUSTRALIA,AUSTRALIA
88,SIX,SIX
89,SPLASH,SPLASH
90,CART,CART
91,THAT,THAT
92,AUSTRALIA,AUSTRALIA
93,TWO O CLOCK,TWO O CLOCK
94,VEGEMITE,VEGEMITE
95,THREE O CLOCK,THREE O CLOCK
96,BANANA,BANANA
97,GORILLA,GORILLA
98,ATTACK,ATTACK
99,FEATHER,FEATHER
100,TWO,TWO
101,CICADA,CICADA
102,FUR,FUR
103,TONIGHT,TONIGHT
104,SPADE,SPADE
105,DRINK,DRINK
106,TREASURE,TREASURE
107,THREE CUPS,THREE CUPS
108,EAR,EAR
109,POOL,POOL
110,CHAIR,CHAIR
111,GORILLA,GORILLA
112,GORILLA,GORILLA
113,FOUR EGGS,FOUR EGGS
114,EAR,AIR
115,CIRCUS,CIRCUS
116,CATERPILLAR,CATERPILLAR
117,TREASURE,TREASURE
118,GRASSHOPPER,GRASSHOPPER
119,SPADE,SPADE
120,CLOWN,CLOWN
121,MAGICIAN,MAGICIAN
122,TOOTH,TOOTH
123,HEAD,HEAD
124,SPROUT,SPROUT
125,PULL,POL
126,MARTIAN,MARTIAN
127,GIRAFFE,GIRAFFE
128,ONE EGG,ONE EGG
129,ONE,ENO
130,KITCHEN,KITCHEN
131,CLOWN,CLOWN
132,LIGHT,LIGHT
133,CICADA,CICADA
134,CANOE,CANOE
135,HIPPOPOTAMUS,HIPPOPOTAMUS
136,SKIRT,SKIRT
137,FLOWERPOT,FLOWERPOT
138,BOY,BOY
139,SKIRT,SKIRT
140,ATTACK,ATTACK
141,HAIR,HAIR
142,CART,CART
143,CART,CART
144,TONIGHT,TONIGHT
145,YOYO,YOYO
146,NO,NO
147,MOUTH,MOUTH
148,ATTACK,ATTACK
149,ONE O CLOCK,ONE O CLOCK
150,FOUR,FOUR
151,FOUR CUPS,FOUR CUPS
152,ONE,ONE
153,OWL,OWL
154,THREE CUPS,THREE CUPS
155,CANOE,CANOE
156,SEVEN,SEVEN
157,GIRAFFE,GIRAFFE
158,CART,CART
159,CHAIR,CHAIR
160,COW,COW
161,ELEPHANT,ELEPHANT
162,SKIRT,SKIRT
163,YES,YES
164,GIRAFFE,GIRAFFE
165,JAM,JAM
166,COW,COW
167,NOSE,NOSE
168,WATERMELON,WATERMELON
169,KANGAROO,KANGAROO
170,EAR,EAR
171,THREE EGGS,THREE EGGS
172,SPLASH,SPLASH
173,BUTTERFLY,BUTTERFLY
174,JAM,JAM
175,GARAGE,GARAGE
176,WATCH,WATCH
177,CUCUMBER,CUCUMBER
178,SPLASH,SPLASH
179,MACHINE,MACHINE
180,FROG,FROG
181,CART,CARD
182,ONE CUP,ONE CUP
183,TEN,TEN
184,ONE O CLOCK,ONE O CLOCK
185,FOUR O CLOCK,FOUR O CLOCK
186,PULL,P
187,CATERPILLAR,CATERPILLAR
188,SHORT,SHORT
189,BINOCULARS,BINOCULARS
190,SHELL,SHELL
191,SAUSAGE,SAUSAGE
192,TWO EGGS,TWO EGGS
193,TWO CUPS,TWO CUPS
194,TREASURE,TREASURE
195,FOUR EGGS,FOUR EGGS
196,BALL,BALL
197,THUMB,THUMB
198,TWO CUPS,TWO CUPS
199,EAR,GIRL
200,DINOSAUR,DINOSAUR
201,DESSERT,DESSERT
202,TWO CUPS,TWO CUPS
203,GORILLA,GORILLA
204,THREE,THREE
205,SEVEN,SEVEN
206,TWO CUPS,TWO CUPS
207,DESSERT,DESSERT
208,CARD,CARD
209,BOAT,BOAT
210,EAR,EAR
211,THREE O CLOCK,THREE O CLOCK
212,YOYO,YOYO
213,FISH,FISH
214,ONE O CLOCK,ONE O CLOCK
215,FROG,FROG
216,FROG,FROG
217,FIVE,FIVE
218,SPIDERWEB,SPIDERWEB
219,NO,NO
220,DRINK,DRINK
221,CIRCUS,CIRCUS
222,KITCHEN,KITCHEN
223,PIG,PIG
224,SWORD,SWORD
225,VEGEMITE,VEGEMITE
226,PLAY,PLAY
227,SWORD,SWORD
228,RHINOCEROS,RHINOCEROS
229,CARD,CARD
230,BUTTERFLY,BUTTERFLY
231,JAM,JAM
232,SPADE,SPADE
233,COW,COW
234,HAIR,HAIR
235,TWO O CLOCK,TWO O CLOCK
236,GIRAFFE,GIRAFFE
237,TWO EGGS,TWO EGGS
238,BANANA,BANANA
239,DUCK,DUCK
240,BUTTERFLY,BUTTERFLY
241,STRAW,STRAW
242,DESSERT,DESSERT
243,HILL,HILL
244,TOMATO,TOMATO
245,GIRL,GIRL
246,JAM,JAM
247,BOAT,BOAT
248,GARAGE,GARAGE
249,GRASSHOPPER,GRASSHOPPER
250,BOAT,BOAT
251,BALL,BALL
252,FIVE,FIVE
253,BOY,BOY
254,HAIR,HAI
255,ELEPHANT,ELEPHANT
256,LIGHT,LIGHT
257,MACHINE,MACHINE
258,DINOSAUR,DINOSAUR
259,YOYO,YOYO
260,POOL,POOL
261,CLOWN,CLOWN
262,FOOD,FOOD
263,STETHOSCOPE,STETHOSCOPE
264,SPAGHETTI,SPAGHETTI
265,VEGEMITE,VEGEMITE
266,LEAF,LEAF
267,ZOO,ZOO
268,XYLOPHONE,XYLOPHONE
269,DRINK,DRINK
270,SHELL,SHELL
271,YOYO,YOYO
272,THREE CUPS,THREE CUPS
273,STORY,STORY
274,SHORT,SHORT
275,MOUSTACHE,MOUSTACHE
276,DETECTIVE,DETECTIVE
277,FEATHER,FEATHER
278,EAR,EAR
279,BOAT,BOAT
280,DUCK,DUCK
281,DOLL,DOLL
282,RHINOCEROS,RHINOCEROS
283,SMILE,SMILE
284,MACHINE,MACHINE
285,CARD,CARD
286,BAG,BAG
287,HOLE,HOLE
288,BALL,BALL
289,MOUTH,MOUTH
290,CROCODILE,CROCODILE
291,YOYO,YOYO
292,CRAB,CRAB
293,THERMOMETER,THERMOMETER
294,THAT,THAT
295,BREATHE,LEAF
296,TONIGHT,TONIGHT
297,YOYO,YOYO
298,WATCH,WATCH
299,GRASSHOPPER,GRASSHOPPER
300,ZOO,ZOO
301,THAT,THAT
302,MOUNTAIN,MOUNTAIN
303,TOOTH,TOOTH
304,BRIDGE,BRIDGE
305,HEAD,HEAD
306,SMILE,SMILE
307,SPROUT,SPROUDE
308,LIGHT,LIGHT
309,SPIDERWEB,SPIDERWEB
310,SWORD,SWORD
311,BAG,BAG
312,BELLYBUTTON,BELLYBUTTON
313,TOOTH,TOOTHH
314,TEN,TEN
315,FOUR EGGS,FOUR EGGS
316,PIG,PIG
317,NINE,NINE
318,RHINOCEROS,RHINOCEROS
319,PULL,PULL
320,CHEESE,CHEESE
321,BELLYBUTTON,BELLYBUTTON
322,ONE EGG,ONE EGG
323,TWO EGGS,TWO EGGS
324,RIDE,RIDE
325,POTATO,POTATO
326,DETECTIVE,DETECTIVE
327,NINE,NINE
328,PIE,PIE
329,FIVE,FIVE
330,FOUR EGGS,FOUR EGGS
331,SIX,SIX
332,SKIRT,SKIRT
333,SPLASH,SPLASH
334,VOICE,VOICE
335,FOUR CUPS,FOUR CUPS
336,SEVEN,SEVEN
337,TONIGHT,TONIGHT
338,YOYO,YOYO
339,BALL,BALL
340,YOYO,YOYO
341,BINOCULARS,BINOCULARS
342,XYLOPHONE,XYLOPHONE
343,HILL,HILL
344,EIGHT,EIGHT
345,CAR,CAR
346,SKIRT,SKIRT
347,GRASSHOPPER,GRASSHOPPER
348,GARDEN,GARDEN
349,DETECTIVE,DETECTIVE
350,LEAF,LEAF
351,CARD,CARD
352,AUSTRALIA,AUSTRALIA
353,FEATHER,FEATHER
354,KEY,KEY
355,STETHOSCOPE,STETHOSCOPE
356,MOUTH,MOUTH
357,HILL,HILL
358,AUSTRALIA,AUSTRALIA
359,FOUR O CLOCK,FOUR O CLOCK
360,KITCHEN,KITCHEN
361,TWO CUPS,TWO CUPS
362,RHINOCEROS,RHINOCEROS
363,DINOSAUR,DINOSAUR
364,LEAF,LEAF
365,RIDE,RIDE
366,SPROUT,SPROUT
367,CANOE,CANOE
368,FLOWERPOT,FLOWERPOT
369,CIRCUS,CIRCUS
370,DETECTIVE,DETECTIVE
371,KANGAROO,KANGAROO
372,OWL,OWL
373,FEATHER,FEATHER
374,FOOT,FOOT
375,BELLYBUTTON,BELLYBUTTON
376,SPIDERWEB,SPIDERWEB
377,MOUNTAIN,MOUNTAIN
378,FOOT,FOOT
379,FROG,FROG
380,CUB,CUB
381,DESSERT,DESSERT
382,DUCK,DUCK
383,NO,NO
384,WATERMELON,WATERMELON
385,LEAF,LEAF
386,CLOUD,CLOUD
387,CHAIR,CHAIR
388,CROCODILE,CROCODILE
389,ONE CUP,ONE CUP
390,DESSERT,DESSERT
391,RIDE,RIDE
392,KEY,KEY
393,MARTIAN,MARTIAN
394,BALL,BALL
395,BEARD,BEARD
396,PLAY,PLAY
397,BIRD,BIRD
398,SPADE,SPADE
399,VANILLA,VANILLA
400,CARPET,CARPET
401,CUCUMBER,CUCUMBER
402,FEATHER,FEATHER
403,SEVEN,SEVEN
404,HIPPOPOTAMUS,HIPPOPOTAMUS
405,TWO EGGS,TWO EGGS
406,BIRD,BIRD
407,THAT,THAT
408,FOUR EGGS,FOUR EGGS
409,OWL,OWL
410,GARDEN,GARDEN
411,VEGEMITE,VEGEMITE
412,BOAT,BOAT
413,WATERMELON,WATERMELON
414,TREASURE,TREASURE
415,GORILLA,GORILLA
416,XYLOPHONE,XYLOPHONE
417,SMILE,SMILE
418,TEN,TEN
419,HAIR,HAIR
420,ONE,ONE
421,BELLYBUTTON,BELLYBUTTON
422,BUTTERFLY,BUTTERFLY
423,HOLE,HOLE
424,SHELL,SHELL
425,WHEEL,WHEEL
426,DETECTIVE,DETECTIVE
427,STORY,STORY
428,SWING,SWING
429,BOAT,BOAT
430,FISH,FISH
431,GIRL,GIRL
432,SMILE,SMILE
433,TOMATO,TOMATO
434,HILL,HILL
435,COCONUT,COCONUT
436,THUMB,THUMB
437,DOLL,DOLL
438,TWO EGGS,TWO EGGS
439,DUCK,DUCK
440,MARTIAN,MARTIAN
441,CIRCUS,CIRCUS
442,NO,NO
443,GARDEN,GARDEN
444,STETHOSCOPE,STETHOSCOPE
445,DESSERT,DESSERT
446,FEATHER,FEATHER
447,DUCK,DUCK
448,BAG,BAG
449,VANILLA,VANILLA
450,PLAY,PLAY
451,FISH,FISH
452,WATCH,WATCH
453,LEAF,LEAF
454,SPLASH,SPLASH
455,HIPPOPOTAMUS,HIPPOPOTAMUS
456,THREE,THREE
457,GRASSHOPPER,GRASSHOPPER
458,CROCODILE,CROCODILE
459,SPIDERWEB,SPIDERWEB
460,FOUR EGGS,FOUR EGGS
461,FIVE,FIVE
462,XYLOPHONE,XYLOPPHONE
463,HAIR,HAIR
464,TWO O CLOCK,TWO O CLOCK
465,RHINOCEROS,RHINOCEEROS
466,KITCHEN,KITCHEN
467,JAM,JAM
468,THERMOMETER,THERMOMETER
469,HOLE,HOLE
470,POTATO,POTATO
471,ONE,ONE
472,CIRCUS,CIRCUS
473,WOOD,WOOD
474,MARTIAN,MARTIAN
475,CHAIR,CHAIR
476,SPROUT,SPROUT
477,POOL,POOL
478,PIG,PIG
479,OWL,OWL
480,EAR,EAR
481,PLAY,PLAY
482,TWO O CLOCK,TWO O CLOCK
483,CARD,CARD
484,TONIGHT,TONIGHT
485,SIX,SIX
486,DUCK,DUCK
487,BEARD,BEARD
488,MOUTH,MOUTH
489,DUCK,DUCK
490,TWO O CLOCK,TWO O CLOCK
491,BALLOON,BALLOON
492,SPLASH,SPLASH
493,SPADE,SPADE
494,TWO,
495,MOUNTAIN,MOUNTAIN
496,RIDE,RIDE
497,SHORT,SHORT
498,NO,NO
499,SWING,SWING
500,CATERPILLAR,CATERPILLAR
501,RIDE,RIDE
502,VOICE,VOICE
503,FOOD,FOOD
504,FLOWERPOT,FLOWERPOT
505,HAIR,HAIR
506,TAIL,TAIL
507,MACHINE,MACHINE
508,TOMATO,TOMATO
509,STRAW,STRAW
510,SPLASH,SPLASH
511,CICADA,CICADA
512,SPROUT,SPROUT
513,NO,NO
514,SWORD,SWORD
515,FROG,FROG
516,DUCK,DUCK
517,SAUSAGE,SAUSAGE
518,CLOUD,CLOUD
519,FUR,FUR
520,VEGEMITE,VEGEMITE
521,TWO,TWO
522,SWORD,SWORD
523,SPLASH,SPLASH
524,ONE CUP,ONE CUP
525,BRIDGE,BRIDGE
526,THREE EGGS,THREE EGGS
527,GORILLA,GORILLA
528,FOOT,FOOT
529,SPIDERWEB,SPIDERWEB
530,ZOO,ZOO
531,CHEESE,CHEESE
532,KITCHEN,KITCHEN
533,YES,YES
534,GARDEN,GARDEN
535,POTATO,POTATO
536,SPAGHETTI,SPAGHETTI
537,CHEESE,CHEESE
538,PIE,PIE
539,MAGICIAN,MAGICIAN
540,GIRAFFE,GIRAFFE
541,TWO,TWO
542,COW,COW
543,FIVE,BOY
544,CAR,CAR
545,FISH,FISH
546,SPADE,SPADE
547,THREE,THREE
548,SAUSAGE,SAUSAGE
549,CART,CART
550,GARAGE,GARAGE
551,WHEEL,WHEEL
552,SMILE,SMILE
553,TONIGHT,TONIGHT
554,BUTTERFLY,BUTTERFLY
555,SPIDERWEB,SPIDERWEB
556,BUTTERFLY,BUTTERFLY
557,ATTACK,ATTACK
558,PIE,PIE
559,BRIDGE,BRIDGE
560,BOAT,BOAT
561,CARPET,CARPET
562,SNAKE,SNAKE
563,CANOE,CANOE
564,FOUR O CLOCK,FOUR O CLOCK
565,FLOWERPOT,FLOWERPOT
566,CLOWN,CLOWN
567,JAM,JAM
568,LEAF,LEAF
569,DRINK,DRINK
570,TOOTH,TOOTH
571,MOUNTAIN,MOUNTAIN
572,PIE,PIE
573,DRINK,DRINK
574,VOICE,VOICE
575,CHAIR,CHAIR
576,CUB,CUB
577,CIRCUS,CIRCUS
578,SPAGHETTI,SPAGHETTI
579,SHORT,SHORT
580,ONE EGG,ONE EGG
581,ATTACK,ATTACK
582,WOOD,WOOD
583,YES,YES
584,MOUSTACHE,MOUSTACHE
585,TEN,TEN
586,VANILLA,VANILLA
587,HIPPOPOTAMUS,HIPPOPOTAMUS
588,SPAGHETTI,SSPAGHETTI
589,FUR,FUR
590,FOUR,FOUR
591,CARD,CARD
592,HAIR,HAIR
593,CARPET,CARPET
594,VANILLA,VANILLA
595,BEARD,BEARD
596,DUCK,DUCK
597,CUCUMBER,CUCUMBER
598,CANOE,CANOE
599,THREE O CLOCK,THREE O CLOCKK
600,ONE EGG,ONE EGG
601,GIRL,GIRL
602,FUR,FUR
603,COCONUT,COCONUT
604,JAM,JAM
605,GARDEN,GARDEN
606,PULL,PULL
607,SNAKE,SNAKE
608,CART,CART
609,FOUR CUPS,FOUR CUPS
610,LEAF,LEAF
611,VEGEMITE,VEGEMITE
612,GORILLA,GORILLA
613,NO,NO
614,JAM,JAM
615,BEARD,BEARD
616,SKIRT,SKIRT
617,EIGHT,EIGH
618,CIRCUS,CIRCUS
619,BALL,BALL
620,MAGICIAN,MAGICIAN
621,GIRL,GIRL
622,THREE EGGS,THREE EGGS
623,TWO EGGS,TWO EGGS
624,NOSE,NOSE
625,CUCUMBER,CUCUMBER
626,YOYO,YOYO
627,FLOWERPOT,FLOWERPOT
628,PIG,PIKEY
629,VEGEMITE,VEGEMITE
630,SWING,SWING
631,TREASURE,TREASURE
632,DINOSAUR,DINOSAUR
633,STRAW,STRAW
634,STRAW,STRAW
635,HAIR,HAIR
636,CLOUD,CLOUD
637,DOLL,DOLL
638,RHINOCEROS,RHINOCEROS
639,BAG,BAG
640,SWORD,SWORD
641,BRIDGE,BRIDGE
642,GIRL,GIRL
643,BEARD,BEARD
644,POTATO,POTATO
645,SPROUT,SPROUT
646,KEY,KEY
647,YES,YES
648,CUB,CUB
649,SNAKE,SNAKE
650,CROCODILE,CROCODILE
651,TOMATO,TOMATO
652,PIG,PIG
653,WATERMELON,WATERMELON
654,CIRCUS,CIRCUS
655,YES,YES
656,WATCH,WATCH
657,CIRCUS,CIRCUS
658,SHELL,SHELL
659,TWO EGGS,TWO EGGS
660,RHINOCEROS,RHINOCEROS
661,MOUSTACHE,MOUSTACHEE
662,FOOD,FOOD
663,CICADA,CICADA
664,LIGHT,LIGHT
665,BREATHE,BREATHE
666,VANILLA,VANILLA
667,SPADE,SPADE
668,EIGHT,EIGHT
669,SHELL,SHELL
670,SAUSAGE,SAUSAGE
671,FUR,FUR
672,THREE EGGS,THREE EGGS
673,FOUR EGGS,FOUR EGGS
674,WOOD,WOOD
675,BREATHE,BREATHE
676,DUCK,DUCK
677,SEVEN,SEVEN
678,THAT,THAT
679,BALLOON,BALLOON
680,CROCODILE,CROCODILE
681,NINE,NINE
682,CAR,CAR
683,AUSTRALIA,AUSTRALIA
684,POTATO,POTATO
685,ELEPHANT,ELEPHANT
686,PULL,PUL
687,HILL,HILL
688,DUCK,DUCK
689,WATCH,WATCH
690,SKIRT,SKIRT
691,MAGICIAN,MAGICIAN
692,FISH,FISH
693,CARPET,CARPET
694,HIPPOPOTAMUS,HIPPOPOTATAMUS
695,LIGHT,LIGHT
696,AUSTRALIA,AUSTRALIA
697,BALLOON,BALLOON
698,CHAIR,CCHAIR
699,RHINOCEROS,RHINOCEROS
700,COW,COW
701,GIRAFFE,GIRAFFE
702,SMILE,SMILE
703,THAT,THAT
704,CUB,CUB
705,BAG,BAG
706,NOSE,NOSE
707,TWO CUPS,TWO CUPS
708,THREE O CLOCK,THREE O CLOCK
709,FLOWERPOT,FLOWERPOT
710,FOUR CUPS,FOUR CUPS
711,BRIDGE,BRIDGE
712,CARPET,CARPET
713,KITCHEN,KITCHEN
714,SPADE,SPADE
715,BUTTERFLY,BUTTERFLY
716,GIRL,GIRL
717,ONE CUP,ONE CUP
718,WOOD,WOOD
719,BUTTERFLY,BUTTERFLY
720,CROCODILE,CROCODILE
721,SPROUT,SPROUT
722,WOOD,WOOD
723,FOUR,FOUR
724,BALLOON,BALLOON
725,ELEPHANT,ELEPHANT
726,WATCH,WATCH
727,TWO EGGS,TWO EGGS
728,MOUTH,MOUTH
729,FISH,FISH
730,FOOT,FOOT
731,GIRAFFE,GIRAFFE
732,DRINK,DRINK
733,KEY,KEY
734,SHORT,SHAW
735,WHEEL,WHEEL
736,CHEESE,CHEESE
737,ONE CUP,ONE CUP
738,SKIRT,SKIRT
739,KITCHEN,KITCHEN
740,BOY,BOY
741,WATERMELON,WATERMELON
742,BALLOON,BALLOON
743,TREASURE,TREASURE
744,FIVE,FIVE
745,BELLYBUTTON,BELLYBUTTON
746,POTATO,POTATO
747,GARAGE,GARAGE
748,ONE CUP,ONE CUP
749,KITCHEN,KITCHEN
750,FOUR,FOUR
751,FEATHER,FEATHER
752,OWL,OWL
753,DOLL,DOLL
754,ATTACK,ATTACK
755,SPIDERWEB,SPIDERWEB
756,FOUR O CLOCK,FOUR O CLOCK
757,XYLOPHONE,XYLOPHONE
758,FOOT,FOOT
759,VOICE,VOICE
760,TWO,TWO
761,THREE EGGS,THREE EGGS
762,SPROUT,SPROUT
763,ONE CUP,ONE CUP
764,EAR,EAR
765,ONE,ONE
766,FOUR,FOUR
767,PIE,PIE
768,SHORT,SHORT
769,EAR,YAR
770,SPADE,SPADE
771,STORY,STORY
772,TEN,TEN
773,TREASURE,TREASURE
774,EIGHT,EIGHT
775,SHORT,SHORT
776,BALLOON,BALLOON
777,TEN,TEN
778,PULL,POUL
779,MOUTH,MOUTH
780,DINOSAUR,DINOSAUR
781,GORILLA,GORILLA
782,TWO CUPS,TWO CUPS
783,KANGAROO,KANGAROO
784,FEATHER,FEATHER
785,PIG,PIG
786,GORILLA,GORILLA
787,TONIGHT,TONIGHT
788,CLOWN,CLOWN
789,STRAW,STRAW
790,CUB,CUB
791,SPLASH,SPLASH
792,STORY,STORY
793,CATERPILLAR,CATERPILLAR
794,BREATHE,BREATHE
795,FISH,FISH
796,SPIDERWEB,SPIDERWEB
797,JAM,JAM
798,STETHOSCOPE,STETHOSCOPE
799,CARPET,CARPET
800,SIX,SIX
801,TWO,TWO
802,THREE EGGS,THREE EGGS
803,MOUNTAIN,MOUNTAIN
804,KANGAROO,KANGAROO
805,PIE,PIE
806,ONE O CLOCK,ONE O CLOCK
807,BIRD,BIRD
808,FOOT,FOOT
809,YES,YES
810,BAG,BAG
811,TAIL,TAIL
812,POOL,POOL
813,TAIL,TAIL
814,THERMOMETER,THERMOMETER
815,THERMOMETER,THERMOMETER
816,SAUSAGE,SAUSAGE
817,GORILLA,GORILLA
818,SHELL,SHELL
819,CICADA,CICADA
820,MOUNTAIN,MOUNTAIN
821,VANILLA,VANILLA
822,SWING,SWING
823,VEGEMITE,VEGEMITE
824,CICADA,CICADA
825,KITCHEN,KITCHEN
826,SPAGHETTI,SPAGHETTI
827,SKIRT,SKIRT
828,CUB,CUB
829,BREATHE,BREATHE
830,RIDE,RIDE
831,DINOSAUR,DINOSAUR
832,FOUR,FOUR
833,OWL,OWL
834,TOMATO,TOMATO
835,FISH,FISH
836,BOAT,BOAT
837,BINOCULARS,BINOCULARS
838,FIVE,FIVE
839,DINOSAUR,DINOSAUR
840,CART,CART
841,CROCODILE,CROCODILE
842,SEVEN,SEVEN
843,HILL,HILL
844,BRIDGE,BRIDGE
845,HIPPOPOTAMUS,HIPPOPOTAMUS
846,CICADA,CICADA
847,CROCODILE,CROCODILE
848,GARAGE,GARAGE
849,CRAB,CRAB
850,BINOCULARS,BINOCULARS
851,VOICE,VOICE
852,BELLYBUTTON,BELLYBUTTON
853,OWL,OWL
854,EIGHT,EIGH
855,BIRD,BIRD
856,EAR,EAR
857,THREE EGGS,THREE EGGS
858,CLOUD,CLOUD
859,COW,COW
860,SMILE,SMILE
861,SAUSAGE,SAUSAGE
862,TWO CUPS,TWO CUPS
863,SHELL,SHELL
864,CARD,CARD
865,FOUR EGGS,FOUR EGGS
866,FOOD,FOOD
867,GIRL,GIRL
868,HEAD,HEAD
869,THAT,THAT
870,CARD,CARD
871,TAIL,TAIL
872,THREE O CLOCK,THREE O CLOCK
873,GARAGE,GARAGE
874,BINOCULARS,BINOCULARS
875,FOUR,FOUR
876,KEY,KEY
877,COCONUT,COCONUT
878,CANOE,CANOE
879,YES,YES
880,SPADE,SPADE
881,FOUR O CLOCK,FOUR O CLOCK
882,SAUSAGE,SAUSAGE
883,BOAT,BOAT
884,CANOE,CANOE
885,EIGHT,HEAGT
886,THREE O CLOCK,THREE O CLOCK
887,POTATO,POTATO
888,TOMATO,TOMATO
889,POOL,POUOL
890,DESSERT,DESSERT
891,SWORD,SWORD
892,RIDE,RIDE
893,SHELL,SHELL
894,HOLE,HOLE
895,BALL,BALL
896,BANANA,BANANA
897,DESSERT,DESSERT
898,RIDE,RIDE
899,KEY,KEY
900,MOUSTACHE,MOUSTACHE
901,YOYO,YOYO
902,SWORD,SWORD
903,FOOD,FOOD
904,TEN,TEN
905,SHORT,SHORT
906,PIG,PIG
907,GARDEN,GARDEN
908,VANILLA,VANILLA
909,BUTTERFLY,BUTTERFLY
910,MACHINE,MACHINE
911,PIG,PIG
912,ONE,ONE
913,SHELL,SHELL
914,HOLE,HOLE
915,DOLL,DOLL
916,MAGICIAN,MAGICIAN
917,DETECTIVE,DETECTIVE
918,FROG,FROG
919,CROCODILE,CROCODILE
920,DOLL,DOLL
921,STORY,STORY
922,LEAF,LEAF
923,SHORT,SHORT
924,CRAB,CRAB
925,PIE,PIE
926,CHEESE,CHEESE
927,THERMOMETER,THERMOMETER
928,SHORT,SHORT
929,ATTACK,ATTACK
930,SWING,SWING
931,CARPET,CARPET
932,ONE O CLOCK,ONE O CLOCK
933,ELEPHANT,ELEPHANT
934,BEARD,BEARD
935,STORY,STORY
936,MAGICIAN,MAGGICIAN
937,ONE CUP,ONE CUP
938,FOOT,FOOT
939,CIRCUS,CIRCUS
940,FOUR CUPS,FOUR CUPS
941,BIRD,BIRD
942,FLOWERPOT,FLOWERPOTT
943,PLAY,PLAY
944,THREE,THREE
945,SPIDERWEB,SPIDERWEB
946,POOL,PULL
947,RIDE,RIDE
948,ONE EGG,ONE EGG
949,XYLOPHONE,XYLOPHONE
950,NOSE,NOSE
951,CANOE,CANOE
952,FISH,FISH
953,SPIDERWEB,SPIDERWEB
954,FOUR O CLOCK,FOUR O CLOCK
955,CART,CART
956,WATCH,WATCH
957,CANOE,CANOE
958,TOOTH,TOOTH
959,AUSTRALIA,AUSTRALIA
960,STORY,STORY
961,MARTIAN,MARTIAN
962,KEY,KEY
963,FISH,FISH
964,TWO EGGS,TWO EGGS
965,SHELL,SHELL
966,COCONUT,COCONUT
967,CHEESE,CHEESE
968,LIGHT,LIGHT
969,BEARD,BEARD
970,BALLOON,BALLOON
971,BINOCULARS,BINOCULARS
972,TEN,TEN
973,ONE CUP,ONE CUP
974,CIRCUS,CIRCUS
975,FOUR EGGS,FOUR EGGS
976,BINOCULARS,BINOCULARS
977,BANANA,BANANA
978,BALLOON,BALLOON
979,CROCODILE,CROCODILE
980,SKIRT,SKIRT
981,FOOT,FOOT
982,MOUSTACHE,MOUSTACHE
983,CICADA,CICADA
984,FOUR EGGS,FOUR EGGS
985,THREE EGGS,THREE EGGS
986,GIRAFFE,GIRAFFE
987,BALL,BALL
988,DESSERT,DESSERT
989,SNAKE,SNAKE
990,TREASURE,TREASURE
991,ONE EGG,ONE EGG
992,ONE EGG,ONE EGG
993,DUCK,DUCK
994,XYLOPHONE,XYLOPHONE
995,FOUR CUPS,FOUR CUPS
996,CATERPILLAR,CATERPILLAR
997,DINOSAUR,DINOSAUR
998,GARAGE,GARAGE
999,CATERPILLAR,CATERPILLAR
1000,MAGICIAN,MAGICIAN
1001,VOICE,VOICE
1002,CLOWN,CLOWN
1003,BINOCULARS,BINOCULARS
1004,BEARD,BEARD
1005,SPLASH,SPLASH
1006,SAUSAGE,SAUSAGE
1007,MACHINE,MACHINE
1008,SAUSAGE,SAUSAGE
1009,RHINOCEROS,RHINOCEROS
1010,WHEEL,WHEEL
1011,LIGHT,LIGHT
1012,TOMATO,TOMATO
1013,MAGICIAN,MAGICIAN
1014,BAG,BAG
1015,TWO,TWO
1016,BINOCULARS,BINOCULARS
1017,ZOO,ZOO
1018,DINOSAUR,DINOSAUR
1019,FISH,FISH
1020,SPAGHETTI,SPAGHETTI
1021,FOOD,FOORD
1022,DESSERT,DESSERT
1023,FOUR O CLOCK,FOUR O CLOCK
1024,MACHINE,MACHINE
1025,STORY,STORY
1026,ONE CUP,ONE CUP
1027,FOUR CUPS,FOUR CUPS
1028,GARDEN,GARDEN
1029,SPAGHETTI,SPAGHETTI
1030,CLOWN,CLOWN
1031,COCONUT,COCONUT
1032,HOLE,HOLE
1033,THERMOMETER,THERMOMETER
1034,GARAGE,GARAGE
1035,BOAT,BOAT
1036,BANANA,BANANAA
1037,SHELL,SHELL
1038,CART,CART
1039,THERMOMETER,THERMOMETER
1040,XYLOPHONE,XYLOPHONE
1041,VOICE,VOICE
1042,THERMOMETER,THERMOMETER
1043,POTATO,POTATO
1044,GARDEN,GARDEN
1045,MAGICIAN,MAGICIAN
1046,DRINK,DRINK
1047,ONE EGG,ONE EGG
1048,CRAB,CRAB
1049,SWING,SWING
1050,CHAIR,CHAIR
1051,MACHINE,MACHINE
1052,HIPPOPOTAMUS,HIPPOPOTAMUS
1053,FOOD,FOOD
1054,ELEPHANT,ELEPHANT
1055,CATERPILLAR,CATERPILLAR
1056,EAR,EAR
1057,TAIL,TAIL
1058,CUCUMBER,CUCUMBER
1059,CARPET,CARPET
1060,SNAKE,SNAKE
1061,HOLE,HOLE
1062,DETECTIVE,DETECTIVE
1063,THREE CUPS,THREE CUPS
1064,HEAD,HEAD
1065,RIDE,RIDE
1066,LEAF,LEAF
1067,BANANA,BANANA
1068,WATERMELON,WATERMELON
1069,FOUR O CLOCK,FOUR O CLOCK
1070,WATERMELON,WATERMELON
1071,ONE O CLOCK,ONE O CLOCK
1072,GRASSHOPPER,GRASSHOPPER
1073,THREE CUPS,THREE CUPS
1074,CHEESE,CHEESE
1075,TOMATO,TOMATO
1076,ONE EGG,ONE EGG
1077,WATCH,WATCH
1078,SHELL,SHELL
1079,JAM,JAM
1080,FOOT,FOOT
1081,ONE O CLOCK,ONE O CLOCK
1082,RIDE,RIDE
1083,CUCUMBER,CUCUMBER
1084,RHINOCEROS,RHINOCEROS
1085,MOUNTAIN,MOUNTAIN
1086,GARDEN,GARDEN
1087,DOLL,DOLL
1088,DUCK,DUCK
1089,VEGEMITE,VEGEMITE
1090,BELLYBUTTON,BELLYBUTTON
1091,CHEESE,CHEESE
1092,STORY,STORY
1093,BOY,BOY
1094,NOSE,NOSE
1095,BOY,BOY
1096,FOOT,FOOT
1097,PLAY,PLAY
1098,FUR,FUR
1099,MARTIAN,MARTIAN
1100,OWL,OWL
1101,TREASURE,TREASURE
1102,FUR,FUR
1103,CAR,CAR
1104,BOAT,BOAT
1105,LEAF,LEAF
1106,WOOD,WOOD
1107,DRINK,DRINK
1108,DUCK,DUCK
1109,CRAB,CRAB
1110,CARPET,CARPET
1111,FOOD,FOOD
1112,STORY,STORY
1113,SKIRT,SKIRT
1114,DRINK,DRINK
1115,CUCUMBER,CUCUMBER
1116,HAIR,HAIR
1117,TOOTH,TOOTH
1118,CAR,CAR
1119,FUR,FUR
1120,WHEEL,WHEEL
1121,ONE,INE
1122,PLAY,PLAY
1123,EIGHT,EIGHT
1124,BRIDGE,BRIDGE
1125,BREATHE,BREATHE
1126,POOL,POOL
1127,DUCK,DUCK
1128,DESSERT,DESSERT
1129,AUSTRALIA,AUSSTRALIA
1130,YOYO,YOYO
1131,CANOE,CANOE
1132,BOY,BOY
1133,HOLE,HOLE
1134,MOUTH,MOUTH
1135,CHEESE,CHEESE
1136,GIRAFFE,GIRAFFE
1137,POOL,PULL
1138,PIG,PIG
1139,THREE O CLOCK,THREE O CLOCK
1140,THERMOMETER,THERMOMETER
1141,CLOUD,CLOUD
1142,BUTTERFLY,BUTTERFLY
1143,FIVE,FIVE
1144,BEARD,BEARD
1145,MOUTH,MOUTH
1146,GIRL,GIRL
1147,SNAKE,SNAKE
1148,JAM,JAM
1149,BREATHE,BREATHE
1150,TEN,TEN
1151,WHEEL,WHEEL
1152,DESSERT,DESSERT
1153,SHELL,SHELL
1154,SPROUT,SPROUT
1155,ZOO,ZOO
1156,TWO O CLOCK,TWO O CLOCK
1157,BINOCULARS,BINOCULARS
1158,SPIDERWEB,SPIDERWEB
1159,NINE,NINE
1160,BRIDGE,BRIDGE
1161,TONIGHT,TONIGHT
1162,KEY,KEY
1163,CAR,CAR
1164,WHEEL,WHEEL
1165,CUCUMBER,CUCUMBER
1166,FOUR O CLOCK,FOUR O CLOCK
1167,THUMB,THUMB
1168,BANANA,BANANA
1169,EAR,EAR
1170,FOUR EGGS,FOUR EGGS
1171,THUMB,THUMB
1172,KEY,KEY
1173,FROG,FROG
1174,CLOUD,CLOUD
1175,DETECTIVE,DETECTIVE
1176,HIPPOPOTAMUS,HIPPOPOTAMUS
1177,ELEPHANT,ELEPHANT
1178,CLOWN,CLOWN
1179,YES,YES
1180,MOUTH,MOUTH
1181,THREE EGGS,THREE EGGS
1182,BINOCULARS,BINOCULARS
1183,FIVE,FIVE
1184,TOOTH,TOOTH
1185,DOLL,DOLL
1186,CUCUMBER,CUCUMBER
1187,ONE CUP,ONE CUP
1188,ELEPHANT,ELEPHANT
1189,SKIRT,SKIRT
1190,BANANA,BANANA
1191,VEGEMITE,VEGEMITE
1192,BALLOON,BALLOON
1193,TEN,TEN
1194,SPIDERWEB,SPIDERWEB
1195,KANGAROO,KANGAROO
1196,CATERPILLAR,CATERPILLAR
1197,WHEEL,WHEEL
1198,THREE CUPS,THREE CUPS
1199,CARPET,CARPET
1200,FROG,FROG
1201,SPADE,SPADE
1202,COCONUT,COCONUT
1203,DINOSAUR,DINOSAUR
1204,NINE,NINE
1205,BELLYBUTTON,BELLYBUTTON
1206,CARPET,CARPET
1207,SIX,SIX
1208,SMILE,SMILE
1209,AUSTRALIA,AUSTRALIA
1210,CHAIR,CHAIR
1211,TWO O CLOCK,TWO O CLOCK
1212,MOUSTACHE,MOUSTACCHE
1213,POOL,POL
1214,COW,COW
1215,NOSE,NOSE
1216,RIDE,RIDE
1217,KANGAROO,KANGAROO
1218,SPAGHETTI,SPAGHETTI
1219,NINE,NINE
1220,RHINOCEROS,RHINOCEROSS
1221,DOLL,DOLL
1222,SWORD,SWORD
1223,PIE,PIE
1224,BANANA,BANANA
1225,HILL,HILL
1226,NINE,NINE
1227,GARDEN,GARDEN
1228,SAUSAGE,SAUSAGE
1229,CART,CART
1230,THREE CUPS,THREE CUPS
1231,PULL,PUOL
1232,GARDEN,GARDEN
1233,PIG,PIG
1234,CATERPILLAR,CATERPILLAR
1235,KEY,KEY
1236,ELEPHANT,ELEPHANT
1237,SWING,SWING
1238,SPIDERWEB,SPIDERWEB
1239,SNAKE,SNAKE
1240,SIX,SIX
1241,ONE CUP,ONE CUP
1242,WATCH,WATCH
1243,SIX,SIX
1244,MOUTH,MOUTH
1245,HEAD,HEAD
1246,THAT,THAT
1247,ATTACK,ATTACK
1248,GIRL,GIRL
1249,MOUNTAIN,MOUNTAIN
1250,FOOD,FOOD
1251,STRAW,STRAW
1252,BELLYBUTTON,BELLYBUTTON
1253,WOOD,WOOD
1254,WHEEL,WHEEL
1255,HOLE,HOLE
1256,MOUTH,MOUTH
1257,WATERMELON,WATERMELON
1258,TAIL,TAIL
1259,DESSERT,DESSERT
1260,TONIGHT,TONIGHT
1261,FEATHER,FEATHER
1262,CANOE,CANOE
1263,ELEPHANT,ELEPHANT
1264,TWO EGGS,TWO EGGS
1265,CAR,CAR
1266,STRAW,STRAW
1267,COCONUT,COCONUT
1268,ONE EGG,ONE EGG
1269,RIDE,RIDE
1270,THUMB,THUMB
1271,EAR,EAR
1272,DOLL,DOLL
1273,JAM,JAM
1274,WOOD,WOOD
1275,ZOO,ZOO
1276,KITCHEN,KITCHEN
1277,TOMATO,TOMATO
1278,BREATHE,BREATHE
1279,MACHINE,MACHINE
1280,DETECTIVE,DETECTIVE
1281,THREE O CLOCK,THREE O CLOCK
1282,FOUR CUPS,FOUR CUPS
1283,BANANA,BANANA
1284,SWORD,SWORD
1285,DRINK,DRINK
1286,PIG,PIG
1287,GRASSHOPPER,GRASSHOPPER
1288,MOUSTACHE,MOUSTACHE
1289,KITCHEN,KITCHEN
1290,FIVE,FIVE
1291,PLAY,PLAY
1292,TOOTH,TOOTH
1293,WHEEL,WHEEL
1294,SMILE,SMILE
1295,KEY,KEY
1296,TEN,TEN
1297,FLOWERPOT,FLOWERPOT
1298,WATERMELON,WATERMELON
1299,COW,COW
1300,CUCUMBER,CUCUMBER
1301,DRINK,DRINK
1302,MAGICIAN,MAGICIAN
1303,NOSE,NOSE
1304,THREE CUPS,THREE CUPS
1305,BIRD,BIRD
1306,GRASSHOPPER,GRASSHOPPER
1307,COCONUT,COCONUT
1308,TEN,TEN
1309,TAIL,TAIL
1310,FOUR CUPS,FOUR CUPS
1311,OWL,OWL
1312,TOOTH,TOOTH
1313,SMILE,SMILE
1314,RHINOCEROS,RHINOCEROS
1315,DETECTIVE,DETECTIVE
1316,SAUSAGE,SAUSAG
1317,SPROUT,SPROUT
1318,HEAD,HEAD
1319,ONE EGG,ONE EGG
1320,ZOO,ZOO
1321,TEN,TEN
1322,GRASSHOPPER,GRASSHOPPER
1323,CROCODILE,CROCODILE
1324,BAG,BAG
1325,CUB,CUB
1326,PULL,POOL
1327,GRASSHOPPER,GRASSHOPPER
1328,FLOWERPOT,FLOWERPOT
1329,SPIDERWEB,SPIDERWEB
1330,CLOWN,CLOWN
1331,CANOE,CANOE
1332,TOOTH,TOOTH
1333,BRIDGE,BRIDGE
1334,WOOD,WOOD
1335,VEGEMITE,VEGEMITE
1336,TWO,TWO
1337,DETECTIVE,DETECTIVE
1338,POOL,PULL
1339,HIPPOPOTAMUS,HIPPOPOTAMUS
1340,COCONUT,COCONUT
1341,SPAGHETTI,SPAGHETTI
1342,CUCUMBER,CUCUMBER
1343,HEAD,HEAD
1344,XYLOPHONE,XYLOPHONE
1345,HEAD,HEAD
1346,THREE O CLOCK,THREE O CLOCK
1347,SAUSAGE,SAUSAGE
1348,CHEESE,CHEESE
1349,BAG,BAG
1350,WHEEL,WHEEL
1351,THREE O CLOCK,THREE O CLOCK
1352,CLOUD,CLOUD
1353,ONE O CLOCK,ONE O CLOCK
1354,CRAB,CRAB
1355,PULL,POOL
1356,FLOWERPOT,FLOWERPOT
1357,CICADA,CICADA
1358,BEARD,BEARD
1359,BOAT,BOAT
1360,CANOE,CANOE
1361,THREE,THWE
1362,MARTIAN,MARTIAN
1363,WATCH,WATCH
1364,KEY,KEY
1365,DOLL,DOLL
1366,PIE,PIE
1367,VANILLA,VANILLA
1368,FEATHER,FEATHER
1369,FUR,FUR
1370,RHINOCEROS,RHINOCEROS
1371,PULL,POL
1372,FLOWERPOT,FLOWERPOT
1373,POOL,PULL
1374,PIE,PIE
1375,LIGHT,LIGHT
1376,POTATO,POTATO
1377,MARTIAN,MARTIAN
1378,DETECTIVE,DETECTIVE
1379,CLOUD,CLOUD
1380,FOOT,FOOT
1381,CIRCUS,CIRCUS
1382,GARAGE,GARAGE
1383,SIX,SIX
1384,ELEPHANT,ELEPHANT
1385,STRAW,STRAW
1386,GARDEN,GARDEN
1387,BALL,BALL
1388,DUCK,DUCK
1389,NINE,NINE
1390,SPROUT,SPROUT
1391,ONE,ONE
1392,VEGEMITE,VEGEMITE
1393,BIRD,BIRD
1394,FOOD,FOORD
1395,CUB,CUB
1396,SNAKE,SNAK
1397,TONIGHT,TONIGHT
1398,DRINK,DRINK
1399,STRAW,STRAW
1400,MARTIAN,MARTIAN
1401,BAG,BAG
1402,KANGAROO,KANGAROO
1403,THUMB,THUMB
1404,CLOUD,CLOUD
1405,AUSTRALIA,AUSTRALIA
1406,ZOO,ZOO
1407,FEATHER,FEATHER
1408,RIDE,RIDE
1409,SEVEN,SEVEN
1410,BELLYBUTTON,BELLYBUTTON
1411,CHAIR,CHAIR
1412,TWO,TWO
1413,BRIDGE,BRIDGE
1414,FISH,FISH
1415,HOLE,HOLE
1416,GRASSHOPPER,GRASSHOPPER
1417,FROG,FROG
1418,DRINK,DRINK
1419,KITCHEN,KITCHEN
1420,FOUR CUPS,FOUR CUPS
1421,RHINOCEROS,RHINOCEROS
1422,SPROUT,SPROUT
1423,RHINOCEROS,RHINOCEROS
1424,COCONUT,COCONUT
1425,BIRD,BIRD
1426,CLOWN,CLOWN
1427,ELEPHANT,ELEPHANT
1428,MOUSTACHE,MOUSTACHE
1429,SEVEN,SEVEN
1430,KANGAROO,KANGAROO
1431,BREATHE,BREATHE
1432,CATERPILLAR,CATERPILLAR
1433,WOOD,WOOD
1434,MARTIAN,MARTIAN
1435,THREE,THREE
1436,CROCODILE,CROCODILE
1437,EAR,EAR
1438,NOSE,NOSE
1439,GIRAFFE,GIRAFFE
1440,MOUTH,MOUTH
1441,CHEESE,CHEESE
1442,HILL,HELL
1443,FISH,FISH
1444,MOUSTACHE,MOUSTACHE
1445,ONE EGG,ONE EGG
1446,SPLASH,SPLASH
1447,RHINOCEROS,RHINOCEROS
1448,TWO O CLOCK,TWO O CLOCK
1449,STETHOSCOPE,STETHOSCOPE
1450,TWO CUPS,TWO CUPS
1451,ONE,ONE
1452,THREE CUPS,THHREE CUPS
1453,SWING,SWING
1454,CARD,CARD
1455,BOY,BOY
1456,FUR,FUR
1457,CRAB,CLOUB
1458,YOYO,YOYO
1459,TWO CUPS,TWO CUPS
1460,TEN,TEN
1461,CHAIR,CHAIR
1462,SKIRT,SKIRT
1463,ONE O CLOCK,ONE O CLOCK
1464,BUTTERFLY,BUTTERFLY
1465,CHEESE,CHEESE
1466,SWING,SWING
1467,CLOUD,CLOUD
1468,BAG,BAG
1469,CART,CART
1470,RHINOCEROS,RHINOCEROS
1471,THERMOMETER,THERMOMETER
1472,SWING,SWING
1473,SPAGHETTI,SPAGHETT
1474,SPLASH,SPLASH
1475,DOLL,DOLL
1476,CAR,CAR
1477,TWO EGGS,TWO EGGS
1478,CAR,CAR
1479,CAR,CAR
1480,THERMOMETER,THERMOMETER
1481,FLOWERPOT,FLOWERPOT
1482,MOUNTAIN,MOUNTAIN
1483,WHEEL,WHEEL
1484,CARPET,CARPET
1485,KEY,KEY
1486,YES,YES
1487,HILL,HILL
1488,LIGHT,LIGHT
1489,TREASURE,TREASURE
1490,SPLASH,SPLASH
1491,CAR,CAR
1492,OWL,OWL
1493,YOYO,YOYO
1494,SEVEN,SEVEN
1495,GARDEN,GARDEN
1496,VANILLA,VANILLA
1497,JAM,JAM
1498,EIGHT,EIGHT
1499,BAG,BAG
1500,WOOD,WOOD
1501,JAM,JAM
1502,HOLE,HOLE
1503,DINOSAUR,DINOSAUR
1504,SIX,SIX
1505,FIVE,FIVE
1506,VOICE,VOICE
1507,CLOWN,CLOWN
1508,BEARD,BEARD
1509,GORILLA,GORILLA
1510,ONE,ONE
1511,COW,COW
1512,GRASSHOPPER,GRASSHOPPER
1513,MAGICIAN,MAGICIAN
1514,BOAT,BOAT
1515,HAIR,HAIR
1516,SHELL,SHELL
1517,TOOTH,TOOTH
1518,BALLOON,BALLOON
1519,DETECTIVE,DETECTIVE
1520,LIGHT,LIGHT
1521,FLOWERPOT,FLOWERPOT
1522,TREASURE,TREASURE
1523,ONE,ONE
1524,FROG,FROG
1525,HILL,HILL
1526,MACHINE,MACHINE
1527,BUTTERFLY,BUTTERFLY
1528,FOOT,FOOT
1529,DETECTIVE,DETECTIVE
1530,KANGAROO,KANGAROO
1531,TWO,TWO
1532,GORILLA,GORILLA
1533,BOY,BOY
1534,CICADA,CICADA
1535,TWO O CLOCK,TWO O CLOCK
1536,ZOO,ZOO
1537,YES,YES
1538,TOMATO,TOMATO
1539,BIRD,BIRD
1540,CATERPILLAR,CATERPILLAR
1541,GARAGE,GARAGE
1542,VANILLA,VANILLA
1543,SMILE,SMILE
1544,DESSERT,DESSERT
1545,NO,NO
1546,HIPPOPOTAMUS,HIPPOPOTAMUS
1547,CARPET,CARPET
1548,VOICE,VOICE
1549,TOMATO,TOMATO
1550,THAT,THAT
1551,XYLOPHONE,XYLOPHONE
1552,POTATO,POTATO
1553,COCONUT,COCONUT
1554,TWO EGGS,TWO EGGS
1555,COW,COW
1556,HAIR,HAIR
1557,SMILE,SMILE
1558,KANGAROO,KANGAROO
1559,TAIL,TAIL
1560,TWO,TWO
1561,NOSE,NOSE
1562,NOSE,NOSE
1563,TWO O CLOCK,TWO O CLOCK
1564,PIG,PIG
1565,RHINOCEROS,RHINOCEROS
1566,FISH,FISH
1567,GRASSHOPPER,GRASSHOPPER
1568,SPADE,SPADE
1569,DESSERT,DESSERT
1570,COW,COW
1571,THAT,THAT
1572,BOY,BOY
1573,MOUNTAIN,MOUNTAIN
1574,VOICE,VOICE
1575,BELLYBUTTON,BELLYBUTTON
1576,TREASURE,TREASURE
1577,THAT,THAT
1578,FOUR CUPS,FOUR CUPS
1579,THREE,THREE
1580,EAR,EAR
1581,SNAKE,SNAKE
1582,DUCK,DUCK
1583,FEATHER,FEATHER
1584,ONE CUP,ONE CUP
1585,ONE EGG,ONE EGG
1586,KITCHEN,KITCHEN
1587,SPROUT,SPROUT
1588,STETHOSCOPE,STETHOSCOPE
1589,SIX,SIX
1590,SHORT,SHORT
1591,CANOE,CANOE
1592,FOUR O CLOCK,FOUR O CLOCK
1593,SKIRT,SKIRT
1594,ONE,ONE
1595,CHAIR,CHAIR
1596,SPROUT,SPROUT
1597,SHORT,SHORT
1598,CUB,CUB
1599,LIGHT,LIGHT
1600,CROCODILE,CROCODILE
1601,CICADA,CICADA
1602,CROCODILE,CROCODILE
1603,MOUSTACHE,MOUSTACHE
1604,CLOUD,CLOUD
1605,XYLOPHONE,XYLOPHONE
1606,SEVEN,SEVEN
1607,FOUR EGGS,FOUR EGGS
1608,EAR,EAR
1609,YES,YES
1610,CHAIR,CHAIR
1611,BRIDGE,BRIDGE
1612,GARAGE,GARAGE
1613,PIE,PIE
1614,TWO CUPS,TWO CUPS
1615,THREE CUPS,THREE CUPS
1616,CRAB,CRAB
1617,NINE,NINE
1618,GARAGE,GARAGE
1619,DESSERT,DESSERT
1620,BIRD,BIRD
1621,THREE EGGS,THREE EGGS
1622,DUCK,DUCK
1623,EIGHT,EIGHT
1624,TREASURE,TREASURE
1625,NO,NO
1626,BREATHE,BREATHE
1627,AUSTRALIA,AUSTRALIA
1628,CUCUMBER,CUCUMBER
1629,WATERMELON,WATERMELON
1630,HAIR,CHAIR
1631,CUB,CUB
1632,YES,YES
1633,VOICE,VOICE
1634,NOSE,NOSE
1635,LIGHT,LIGHT
1636,GIRAFFE,GIRAFFE
1637,CHAIR,CHAIR
1638,ZOO,ZOO
1639,CIRCUS,CIRCUS
1640,CHEESE,CHEESE
1641,STETHOSCOPE,STETHOSCOPE
1642,MAGICIAN,MAGICIAN
1643,CART,CART
1644,SWORD,SWORD
1645,WHEEL,WHEEL
1646,WOOD,WOOD
1647,VOICE,VOICE
1648,STRAW,STRAW
1649,CRAB,CRAB
1650,TAIL,TAIL
1651,MAGICIAN,MAGICIAN
1652,TAIL,TAIL
1653,OWL,OWL
1654,VEGEMITE,VEGEMITE
1655,PLAY,PLAY
1656,THUMB,THUMB
1657,CATERPILLAR,CATERPILLAR
1658,SNAKE,SNAKE
1659,FUR,FUR
1660,CRAB,CRAB
1661,THREE EGGS,THREE EGGS
1662,FOUR O CLOCK,FOUR O CLOCK
1663,SEVEN,SEVEN
1664,OWL,OWL
1665,GARAGE,GARAGE
1666,NINE,NINE
1667,BEARD,BERD
1668,MARTIAN,MARTIAN
1669,CRAB,CRAB
1670,GORILLA,GORILLA
1671,FOOD,FOOD
1672,BELLYBUTTON,BELLYBUTTON
1673,MOUNTAIN,MOUNTAIN
1674,STORY,STORY
1675,POOL,PUL
1676,BANANA,BANANA
1677,ATTACK,ATTACK
1678,BALLOON,BALLOON
1679,NO,NO
1680,THREE,THREE
1681,DESSERT,DESSERT
1682,TOOTH,TOOTH
1683,BANANA,BANANA
1684,GIRL,GIRL
1685,PLAY,PLAY
1686,VANILLA,VANILLA
1687,THAT,THAT
1688,VEGEMITE,VEGEMITE
1689,WATERMELON,WATERMELON
1690,TWO O CLOCK,TWO O CLOCK
1691,KANGAROO,KANGAROO
1692,FOUR O CLOCK,FOUR O CLOCK
1693,CUB,CUB
1694,WHEEL,WHEEL
1695,MOUSTACHE,MOUSTACHE
1696,NINE,EIGHT
1697,FOOD,FOOD
1698,SKIRT,SKIRT
1699,STRAW,STRAW
1700,CLOUD,CLOUD
1701,ONE O CLOCK,ONE O CLOCK
1702,ATTACK,ATTACK
1703,TOMATO,TOMATO
1704,NO,NO
1705,SEVEN,SEVEN
1706,KITCHEN,KITCHEN
1707,SNAKE,SNAKE
1708,SPADE,SPADE
1709,CARD,CARD
1710,ONE O CLOCK,ONE O CLOCK
1711,CAR,CAR
1712,HEAD,HEAD
1713,VEGEMITE,VEGEMITE
1714,GARAGE,GARAGE
1715,COW,COW
1716,FOOT,FOOT
1717,BOAT,BOAT
1718,THREE O CLOCK,THREE O CLOCK
1719,CICADA,CICADA
1720,SWING,SWING
1721,BALL,BALL
1722,BREATHE,BREATHE
1723,NO,NO
1724,BIRD,BIRD
1725,XYLOPHONE,XYLOPHONNE
1726,FROG,FROG
1727,ATTACK,ATTACK
1728,BIRD,BIRD
1729,CARD,CARD
1730,PULL,POOL
1731,TREASURE,TREASURE
1732,ZOO,ZOO
1733,EIGHT,EIGHT
1734,NOSE,NOSE
1735,FLOWERPOT,FLOWERPOT
1736,THREE CUPS,THREE CUPS
1737,SIX,SIX
1738,SPLASH,SPLASH
1739,FOUR,FOUR
1740,STETHOSCOPE,STETHOSCOPE
1741,JAM,JAM
1742,BRIDGE,FOOT
1743,KITCHEN,KITCHEN
1744,SPROUT,SPROUT
1745,BEARD,BEARD
1746,GRASSHOPPER,GRASSHOPPER
1747,SPADE,SPADE
1748,DINOSAUR,DINOSAUR
1749,GARAGE,GARAGE
1750,ELEPHANT,ELEPHANT
1751,TAIL,TAIL
1752,THUMB,THUMB
1753,CLOUD,CLOUD
1754,WATCH,WATCH
1755,FOUR,FOUR
1756,PIG,HIG
1757,LEAF,LEAF
1758,PIE,PIE
1759,EIGHT,EIGHT
1760,DUCK,DUCK
1761,SHELL,SHELL
1762,TREASURE,TREASURE
1763,ATTACK,ATTACK
1764,SWORD,SWORD
1765,PLAY,PLAY
1766,CIRCUS,CIRCUS
1767,SAUSAGE,SAUSAGE
1768,MACHINE,MACHINE
1769,CROCODILE,CROCODILE
1770,FIVE,FIVE
1771,ONE O CLOCK,ONE O CLOCK
1772,TWO,TWO
1773,THUMB,THUMB
